Nro_Orden_Establecimiento;Periodo;C3RHE3;C3RHE4;C4VERTIADAPT;C6GAA1f;TOTALAVERTI;C3RHD1PTRV;C3RHD2PPVP;C3RHD3PMSV;MULTAVERT;C3RHD4TGTV;C3RHB1TAR;C3RHB2a;C3RHB2b;C3RHB2c;C3RHB2d;C3RHB3a3A;C3RHB3b3A;C3RHB3c3A;C3RHB3d3A;C3RHB3eT3A;C3RHB3a3B;C3RHB3b3B;C3RHB3c3B;C3RHB3d3B;C3RHB3eT3B;TOTVERTIDA;C3RHB4VAL;CODSEDE;Sede;CODSUBSEDE;Subsede;NOVEDAD;ESTADO
371773;2013;0;0;0;0;0;0;0;0;0;0;NO; ; ; ; ;0;0;0;0;0;2040;0;0;0;2040;2040;2820;1;Barranquilla;1;Barranquilla;99;5
442290;2013;0;0;2000;0;2000;0;0;0;0;0;NO; ; ; ; ;0;0;0;0;0;0;0;0;1200;1200;1200;0;1;Barranquilla;22;San Andrés;99;5
125800;2013;0;0;0;0;0;320;0;0;0;320;NO; ; ; ; ;0;0;0;0;0;7432;0;0;0;7432;7432;11148;1;Barranquilla;1;Barranquilla;99;5
297826960;2013;0;0;0;0;0;73;0;0;0;73;SI;a; ; ; ;54;0;0;0;54;1018;0;0;0;1018;1072;1671;2;Bogotá;2;Bogotá;99;5
297821378;2013;0;0;0;0;0;155;0;0;0;155;NO; ; ; ; ;0;0;0;0;0;2614;0;0;0;2614;2614;5791;2;Bogotá;18;Villavicencio;99;5
444265;2013;0;0;0;0;0;210;0;0;0;210;NO; ; ; ; ;0;0;0;0;0;3684;0;0;0;3684;3684;1433;3;Bucaramanga;10;Cúcuta;99;5
297730497;2013;600;0;0;0;600;0;0;0;0;0;SI;a; ; ; ;0;0;17100;0;17100;0;0;0;0;0;17100;0;5;Manizales;7;Pereira;99;5
297822798;2013;5000;0;200;0;5200;60;0;0;0;60;NO; ; ; ; ;0;0;0;0;0;2932;0;0;0;2932;2932;4290;6;Medellín;6;Medellín;99;5
297826670;2013;0;2500;5500;0;8000;2785;0;0;0;2785;SI;a; ; ; ;5;0;0;0;5;23351;0;0;0;23351;23356;35642;1;Barranquilla;1;Barranquilla;99;5
297826831;2013;0;250;8500;0;8750;3235;0;0;0;3235;SI;a; ; ; ;9903;0;0;0;9903;17832;0;0;0;17832;27735;42365;1;Barranquilla;1;Barranquilla;99;5
297826723;2013;0;0;0;1000;1000;5400;0;0;0;5400;SI;a; ; ; ;5019;0;0;0;5019;21899;0;0;0;21899;26918;56824;1;Barranquilla;1;Barranquilla;99;5
441900;2013;0;5456;2545;0;8001;0;0;0;0;0;SI; ; ; ;d;0;0;13845;0;13845;0;0;0;0;0;13845;15745;1;Barranquilla;9;Cartagena;99;5
297826718;2013;0;150;1500;0;1650;3465;1255;0;0;4720;SI;a; ; ; ;7939;0;0;0;7939;24525;0;0;0;24525;32464;41430;1;Barranquilla;1;Barranquilla;99;5
297826953;2013;0;0;0;0;0;74;1696;0;0;1770;NO; ; ; ; ;0;0;0;0;0;918;0;0;0;918;918;1298;1;Barranquilla;1;Barranquilla;99;5
297826792;2013;0;0;0;0;0;525;3215;0;0;3740;SI; ;b; ; ;1419;0;0;0;1419;3122;0;0;0;3122;4541;12123;1;Barranquilla;1;Barranquilla;99;5
297826898;2013;0;870;2500;0;3370;9128;1200;0;0;10328;SI;a; ; ; ;21423;0;0;0;21423;54224;0;0;0;54224;75647;116029;1;Barranquilla;1;Barranquilla;99;5
296886290;2013;0;0;0;0;0;440;0;0;0;440;NO; ; ; ; ;0;0;0;0;0;12246;0;0;0;12246;12246;25475;1;Barranquilla;9;Cartagena;99;5
9816110;2013;0;0;0;0;0;241;0;0;0;241;SI;a; ; ; ;1648;0;0;0;1648;2104;0;0;0;2104;3752;2653;1;Barranquilla;1;Barranquilla;99;5
9815988;2013;0;0;0;0;0;376;0;0;0;376;NO; ; ; ; ;0;0;0;0;0;2971;0;0;0;2971;2971;4932;1;Barranquilla;1;Barranquilla;99;5
297826722;2013;0;0;0;0;0;532;0;0;0;532;NO; ; ; ; ;0;0;0;0;0;6587;0;0;0;6587;6587;9511;1;Barranquilla;1;Barranquilla;99;5
297827969;2013;0;0;0;0;0;102;1123;0;0;1225;SI;a; ; ; ;893;0;0;0;893;1389;0;0;0;1389;2282;2182;1;Barranquilla;1;Barranquilla;99;5
297819041;2013;0;0;0;0;0;1069;1000;0;0;2069;NO; ; ; ; ;0;0;0;0;0;14774;0;0;0;14774;14774;22607;1;Barranquilla;1;Barranquilla;99;5
452218;2013;0;0;800;0;800;2317;0;0;0;2317;SI;a; ; ; ;5339;0;0;0;5339;12459;0;0;0;12459;17798;25698;1;Barranquilla;1;Barranquilla;99;5
441772;2013;0;0;0;0;0;30;0;0;0;30;NO; ; ; ; ;0;0;0;0;0;8626;0;0;0;8626;8626;15771;1;Barranquilla;1;Barranquilla;99;5
441802;2013;0;0;0;0;0;498;1500;0;0;1998;NO; ; ; ; ;0;0;0;0;0;4318;0;0;0;4318;4318;7132;1;Barranquilla;1;Barranquilla;99;5
441854;2013;0;0;31999;0;31999;0;3022;0;0;3022;SI; ; ;c; ;0;0;10368;0;10368;0;0;0;0;0;10368;0;1;Barranquilla;1;Barranquilla;99;5
297826799;2013;0;0;0;0;0;172;0;0;0;172;NO; ; ; ; ;0;0;0;0;0;2810;0;0;0;2810;2810;4380;2;Bogotá;2;Bogotá;99;5
297718659;2013;1415;1415;0;0;2830;214;0;0;0;214;SI;a; ; ; ;1194;0;0;0;1194;1794;0;0;0;1794;2988;4659;2;Bogotá;2;Bogotá;99;5
297826796;2013;0;0;0;0;0;244;0;0;0;244;NO; ; ; ; ;0;0;0;0;0;3842;0;0;0;3842;3842;5851;2;Bogotá;2;Bogotá;99;5
297827958;2013;0;0;6150;3000;9150;680;0;0;0;680;NO; ; ; ; ;0;0;0;0;0;11000;0;0;0;11000;11000;21705;2;Bogotá;2;Bogotá;99;5
297827000;2013;0;0;0;0;0;368;0;0;0;368;NO; ; ; ; ;0;0;0;0;0;5402;0;0;0;5402;5402;12699;2;Bogotá;2;Bogotá;99;5
414681;2013;0;320;110;0;430;549;0;0;0;549;SI;a; ; ; ;3306;0;0;0;3306;5010;0;0;0;5010;8316;12577;2;Bogotá;2;Bogotá;99;5
382101;2013;0;0;0;0;0;450;0;0;0;450;NO; ; ; ; ;0;0;0;0;0;6900;0;0;0;6900;6900;6013;4;Cali;15;Popayán;99;5
297826978;2013;0;0;5321;0;5321;2165;0;0;0;2165;SI;a; ; ; ;6363;0;0;0;6363;25453;0;0;0;25453;31816;48455;2;Bogotá;2;Bogotá;99;5
297826677;2013;0;0;0;0;0;382;0;0;0;382;NO; ; ; ; ;0;0;0;0;0;5624;0;0;0;5624;5624;8660;2;Bogotá;2;Bogotá;99;5
297826828;2013;1000;1600;1200;350;4150;639;0;0;0;639;SI;a; ; ; ;1200;0;0;0;1200;8140;0;0;0;8140;9340;14383;2;Bogotá;2;Bogotá;99;5
297826830;2013;0;0;0;0;0;461;0;0;0;461;NO; ; ; ; ;0;0;0;0;0;6092;0;0;0;6092;6092;10565;2;Bogotá;2;Bogotá;99;5
452491;2013;0;0;0;0;0;153;0;0;0;153;NO; ; ; ; ;0;0;0;0;0;4280;0;0;0;4280;4280;8903;1;Barranquilla;9;Cartagena;99;5
9807355;2013;0;2050;12000;0;14050;2203;0;0;0;2203;SI; ;b; ; ;11200;0;0;0;11200;20803;0;0;0;20803;32003;76341;2;Bogotá;2;Bogotá;99;5
297826832;2013;0;1525;3143;0;4668;377;0;0;0;377;SI;a; ; ; ;1650;0;0;0;1650;3863;0;0;0;3863;5513;8396;2;Bogotá;2;Bogotá;99;5
297826833;2013;0;0;0;0;0;3645;0;0;0;3645;SI;a; ; ; ;5237;0;0;0;5237;47133;0;0;0;47133;52370;79759;2;Bogotá;2;Bogotá;99;5
297826834;2013;0;0;21640;0;21640;1729;0;0;0;1729;SI;a; ; ; ;10345;0;0;0;10345;15517;0;0;0;15517;25862;40322;2;Bogotá;2;Bogotá;99;5
452129;2013;0;0;0;0;0;267;0;0;0;267;NO; ; ; ; ;0;0;0;0;0;7039;0;0;0;7039;7039;11520;2;Bogotá;2;Bogotá;99;5
9807356;2013;0;1200;2400;0;3600;239;0;0;0;239;SI;a; ; ; ;389;0;0;0;389;3424;0;0;0;3424;3813;5723;2;Bogotá;2;Bogotá;99;5
9807357;2013;0;1200;2400;0;3600;361;0;0;0;361;SI;a; ; ; ;560;0;0;0;560;5047;0;0;0;5047;5607;8410;2;Bogotá;2;Bogotá;99;5
297826941;2013;0;0;0;0;0;218;0;0;0;218;NO; ; ; ; ;0;0;0;0;0;3686;0;0;0;3686;3686;5529;2;Bogotá;2;Bogotá;99;5
297826946;2013;0;0;0;500;500;920;0;0;0;920;SI;a; ; ; ;2950;0;0;0;2950;12970;0;0;0;12970;15920;20456;2;Bogotá;2;Bogotá;99;5
297826982;2013;0;3200;0;0;3200;1567;0;0;0;1567;SI;a; ; ; ;9394;0;0;0;9394;15101;0;0;0;15101;24495;36832;2;Bogotá;2;Bogotá;99;5
296886228;2013;0;0;0;0;0;1256;0;0;0;1256;NO; ; ; ; ;0;0;0;0;0;24198;0;0;0;24198;24198;72780;1;Barranquilla;9;Cartagena;99;5
297826663;2013;0;1153;0;0;1153;325;0;0;0;325;SI; ;b; ; ;2361;0;0;0;2361;2360;0;0;0;2360;4721;7195;2;Bogotá;2;Bogotá;99;5
297826985;2013;0;0;0;0;0;504;0;0;0;504;NO; ; ; ; ;0;0;0;0;0;7401;0;0;0;7401;7401;11539;2;Bogotá;2;Bogotá;99;5
297826986;2013;0;630;210;0;840;785;0;0;0;785;SI;a; ; ; ;2679;0;0;0;2679;9081;0;0;0;9081;11760;10041;2;Bogotá;2;Bogotá;99;5
297838044;2013;0;0;0;1705;1705;0;0;0;0;0;NO; ; ; ; ;0;0;0;0;0;8640;0;0;0;8640;8640;14417;2;Bogotá;17;Tunja;99;5
409910;2013;0;0;0;0;0;0;0;0;0;0;SI;a; ; ; ;0;8145;0;0;8145;0;0;0;0;0;8145;0;5;Manizales;11;Ibagué;99;5
450883;2013;0;0;0;0;0;499;0;0;0;499;NO; ; ; ; ;0;0;0;0;0;8232;0;0;0;8232;8232;19575;2;Bogotá;2;Bogotá;99;5
297839484;2013;0;7950;9100;0;17050;893;0;0;0;893;SI;a; ; ; ;941;0;0;0;941;12488;0;0;0;12488;13429;16316;2;Bogotá;2;Bogotá;99;5
299303284;2013;0;0;0;15500;15500;3149;0;0;0;3149;SI; ;b; ; ;39326;0;0;0;39326;0;0;0;0;0;39326;59301;2;Bogotá;2;Bogotá;99;5
337133;2013;0;500;4200;0;4700;427;0;0;0;427;SI; ;b; ; ;13;0;0;0;13;6262;0;0;0;6262;6275;9707;2;Bogotá;2;Bogotá;99;5
75000;2013;0;678;336;0;1014;0;0;0;0;0;SI;a; ; ; ;0;0;859;0;859;0;0;0;0;0;859;0;1;Barranquilla;16;Santa Marta;99;5
75007;2013;0;0;0;0;0;163;0;0;0;163;NO; ; ; ; ;0;0;0;0;0;2435;0;0;0;2435;2435;3796;2;Bogotá;2;Bogotá;99;5
410376;2013;0;648;3461;0;4109;0;0;0;0;0;SI;a; ; ; ;0;0;1444;0;1444;0;0;0;0;0;1444;0;1;Barranquilla;16;Santa Marta;99;5
296886229;2013;8046;2348;5848;0;16242;0;0;0;0;0;SI;a; ; ; ;0;0;9301;0;9301;0;0;0;0;0;9301;0;1;Barranquilla;16;Santa Marta;99;5
296914023;2013;0;678;350;0;1028;0;0;0;0;0;SI;a; ; ; ;0;0;1002;0;1002;0;0;0;0;0;1002;0;1;Barranquilla;16;Santa Marta;99;5
297718272;2013;0;0;0;0;0;1001;0;0;0;1001;NO; ; ; ; ;0;0;0;0;0;14705;0;0;0;14705;14705;22927;2;Bogotá;2;Bogotá;99;5
297826922;2013;0;0;0;0;0;263;0;0;0;263;NO; ; ; ; ;0;0;0;0;0;3869;0;0;0;3869;3869;6031;2;Bogotá;2;Bogotá;99;5
451251;2013;0;0;0;0;0;64;0;0;0;64;NO; ; ; ; ;0;0;0;0;0;1700;0;0;0;1700;1700;3536;1;Barranquilla;9;Cartagena;99;5
451446;2013;0;4000;1600;0;5600;0;0;0;0;0;SI;a; ; ; ;0;0;7431;0;7431;0;0;0;0;0;7431;0;1;Barranquilla;16;Santa Marta;99;5
455513;2013;4076;3239;0;0;7315;6519;0;0;0;6519;SI; ;b; ; ;45976;0;0;0;45976;49808;0;0;0;49808;95784;149339;2;Bogotá;2;Bogotá;99;5
9807403;2013;0;0;0;0;0;8556;0;0;0;8556;NO; ; ; ; ;0;0;0;0;0;45136;0;0;0;45136;45136;196002;2;Bogotá;2;Bogotá;99;5
297730683;2013;0;0;0;0;0;559;0;0;0;559;NO; ; ; ; ;0;0;0;0;0;21564;0;0;0;21564;21564;24284;4;Cali;4;Cali;99;5
296886232;2013;0;0;0;0;0;27;0;0;0;27;SI; ;b; ; ;0;85624;0;0;85624;0;0;0;0;0;85624;0;2;Bogotá;2;Bogotá;99;5
296886233;2013;0;26830;700;0;27530;0;0;0;0;0;SI; ; ; ;d;0;477220;0;0;477220;0;0;0;0;0;477220;0;2;Bogotá;2;Bogotá;99;5
296886234;2013;0;0;0;0;0;86;0;0;0;86;SI; ;b; ; ;0;98429;0;0;98429;0;0;0;0;0;98429;0;2;Bogotá;2;Bogotá;99;5
296886235;2013;0;0;0;0;0;0;0;0;0;0;NO; ; ; ; ;0;0;0;0;0;39229;88658;0;0;127887;127887;22108;2;Bogotá;2;Bogotá;99;5
296886236;2013;0;0;0;0;0;0;0;0;0;0;NO; ; ; ; ;0;0;0;0;0;23631;70159;0;0;93790;93790;20102;2;Bogotá;2;Bogotá;99;5
3834328;2013;165;0;0;0;165;511;0;0;0;511;SI;a; ; ; ;760;0;0;0;760;7056;0;0;0;7056;7816;12186;2;Bogotá;2;Bogotá;99;5
297826903;2013;0;0;8500;0;8500;750;0;0;0;750;SI;a; ; ; ;3366;0;0;0;3366;8655;0;0;0;8655;12021;17183;2;Bogotá;2;Bogotá;99;5
451463;2013;0;0;0;0;0;255;0;0;0;255;NO; ; ; ; ;0;0;0;0;0;3750;0;0;0;3750;3750;5749;2;Bogotá;2;Bogotá;99;5
451466;2013;0;0;0;0;0;267;0;0;0;267;NO; ; ; ; ;0;0;0;0;0;3750;0;0;0;3750;3750;5625;2;Bogotá;2;Bogotá;99;5
297826734;2013;0;5220;7150;0;12370;2623;0;0;0;2623;SI;a; ; ; ;35459;0;0;0;35459;0;0;0;0;0;35459;53188;2;Bogotá;2;Bogotá;99;5
297826735;2013;0;6654;3200;0;9854;4555;0;0;0;4555;SI;a; ; ; ;23906;0;0;0;23906;43138;0;0;0;43138;67044;96714;2;Bogotá;2;Bogotá;99;5
452253;2013;0;14227;34900;0;49127;162;0;0;0;162;SI; ; ;c; ;0;192596;0;0;192596;0;0;0;0;0;192596;0;2;Bogotá;2;Bogotá;99;5
296886239;2013;0;1512;2682;0;4194;0;0;0;0;0;SI; ;b; ; ;0;132327;0;0;132327;0;0;0;0;0;132327;0;5;Manizales;11;Ibagué;99;5
452256;2013;0;102;12102;0;12204;0;0;0;0;0;SI; ; ; ;d;6536;0;0;0;6536;9804;0;0;0;9804;16340;0;5;Manizales;11;Ibagué;99;5
297826882;2013;0;0;0;0;0;168;0;0;0;168;NO; ; ; ; ;0;0;0;0;0;2450;0;0;0;2450;2450;3731;2;Bogotá;2;Bogotá;99;5
297826889;2013;0;0;0;0;0;749;0;0;0;749;NO; ; ; ; ;0;0;0;0;0;11979;0;0;0;11979;11979;31711;2;Bogotá;2;Bogotá;99;5
297826988;2013;0;730;0;0;730;165;0;0;0;165;SI;a; ; ; ;485;0;0;0;485;1943;0;0;0;1943;2428;3698;2;Bogotá;2;Bogotá;99;5
457978;2013;0;0;0;0;0;48;0;0;0;48;NO; ; ; ; ;0;0;0;0;0;708;0;0;0;708;708;1104;2;Bogotá;2;Bogotá;99;5
457979;2013;0;0;0;0;0;0;0;0;0;0;NO; ; ; ; ;0;0;0;0;0;312;0;0;0;312;312;0;2;Bogotá;2;Bogotá;99;5
297718280;2013;0;0;0;0;0;46;0;0;0;46;NO; ; ; ; ;0;0;0;0;0;710;0;0;0;710;710;1065;2;Bogotá;2;Bogotá;99;5
451402;2013;0;0;0;0;0;18;0;0;0;18;NO; ; ; ; ;0;0;0;0;0;627;0;0;0;627;627;954;2;Bogotá;2;Bogotá;99;5
297826991;2013;0;0;0;0;0;190;0;0;0;190;NO; ; ; ; ;0;0;0;0;0;2824;0;0;0;2824;2824;4300;2;Bogotá;2;Bogotá;99;5
9807346;2013;0;0;0;0;0;210;0;0;0;210;NO; ; ; ; ;0;0;0;0;0;2994;0;0;0;2994;2994;4646;2;Bogotá;2;Bogotá;99;5
9807408;2013;0;0;0;0;0;2179;0;0;0;2179;NO; ; ; ; ;0;0;0;0;0;31630;0;0;0;31630;31630;49627;2;Bogotá;2;Bogotá;99;5
297826672;2013;0;1157;1489;0;2646;322;0;0;0;322;SI;a; ; ; ;1215;0;0;0;1215;3500;0;0;0;3500;4715;7351;2;Bogotá;2;Bogotá;99;5
297838058;2013;0;0;0;0;0;254;0;0;0;254;SI;a; ; ; ;1500;0;0;0;1500;2238;0;0;0;2238;3738;5692;2;Bogotá;2;Bogotá;99;5
297827017;2013;0;0;0;0;0;150;0;0;0;150;NO; ; ; ; ;0;0;0;0;0;2190;0;0;0;2190;2190;5187;2;Bogotá;2;Bogotá;99;5
297826791;2013;0;0;0;0;0;135;0;0;0;135;NO; ; ; ; ;0;0;0;0;0;1980;0;0;0;1980;1980;3017;2;Bogotá;2;Bogotá;99;5
297826945;2013;0;0;0;0;0;292;0;0;0;292;NO; ; ; ; ;0;0;0;0;0;4415;0;0;0;4415;4415;6883;2;Bogotá;2;Bogotá;99;5
297838050;2013;0;0;0;0;0;0;0;0;0;0;NO; ; ; ; ;0;0;0;0;0;380;0;0;0;380;380;3821;2;Bogotá;91;Leticia;99;5
299303287;2013;0;0;0;0;0;245;0;0;0;245;NO; ; ; ; ;0;0;0;0;0;3560;0;0;0;3560;3560;5550;2;Bogotá;2;Bogotá;99;5
9815066;2013;0;0;0;0;0;238;0;0;0;238;NO; ; ; ; ;0;0;0;0;0;3546;0;0;0;3546;3546;5528;2;Bogotá;2;Bogotá;99;5
297823688;2013;0;0;0;0;0;26;0;0;0;26;NO; ; ; ; ;0;0;0;0;0;573;0;0;0;573;573;893;2;Bogotá;2;Bogotá;99;5
297821685;2013;0;0;0;0;0;32;0;0;0;32;NO; ; ; ; ;0;0;0;0;0;420;0;0;0;420;420;592;2;Bogotá;2;Bogotá;99;5
450816;2013;0;0;0;0;0;307;0;0;0;307;NO; ; ; ; ;0;0;0;0;0;4558;0;0;0;4558;4558;6941;2;Bogotá;2;Bogotá;99;5
74977;2013;0;0;0;0;0;131;0;0;0;131;NO; ; ; ; ;0;0;0;0;0;1960;0;0;0;1960;1960;2940;2;Bogotá;2;Bogotá;99;5
407032;2013;0;0;0;0;0;230;0;0;0;230;NO; ; ; ; ;0;0;0;0;0;3385;0;0;0;3385;3385;5155;2;Bogotá;2;Bogotá;99;5
297824160;2013;0;0;0;0;0;192;0;0;0;192;NO; ; ; ; ;0;0;0;0;0;2636;0;0;0;2636;2636;4109;2;Bogotá;2;Bogotá;99;5
297834339;2013;0;0;0;0;0;9;0;0;0;9;NO; ; ; ; ;0;0;0;0;0;150;0;0;0;150;150;228;2;Bogotá;2;Bogotá;99;5
297822959;2013;0;0;0;0;0;11;0;0;0;11;NO; ; ; ; ;0;0;0;0;0;272;0;0;0;272;272;424;2;Bogotá;2;Bogotá;99;5
297822527;2013;0;0;0;0;0;105;0;0;0;105;NO; ; ; ; ;0;0;0;0;0;1546;0;0;0;1546;1546;2410;2;Bogotá;2;Bogotá;99;5
297826739;2013;0;0;0;0;0;326;0;0;0;326;NO; ; ; ; ;0;0;0;0;0;4784;0;0;0;4784;4784;7458;2;Bogotá;2;Bogotá;99;5
297823552;2013;0;0;0;0;0;65;0;0;0;65;NO; ; ; ; ;0;0;0;0;0;1409;0;0;0;1409;1409;2213;2;Bogotá;2;Bogotá;99;5
297822516;2013;0;0;0;0;0;91;0;0;0;91;NO; ; ; ; ;0;0;0;0;0;1392;0;0;0;1392;1392;2170;2;Bogotá;2;Bogotá;99;5
449312;2013;0;0;0;0;0;26;0;0;0;26;NO; ; ; ; ;0;0;0;0;0;378;0;0;0;378;378;589;2;Bogotá;2;Bogotá;99;5
297825166;2013;0;0;0;0;0;10;0;0;0;10;NO; ; ; ; ;0;0;0;0;0;150;0;0;0;150;150;234;2;Bogotá;2;Bogotá;99;5
297820854;2013;0;0;0;0;0;20;0;0;0;20;NO; ; ; ; ;0;0;0;0;0;290;0;0;0;290;290;441;2;Bogotá;2;Bogotá;99;5
297823234;2013;0;0;0;0;0;17;0;0;0;17;NO; ; ; ; ;0;0;0;0;0;251;0;0;0;251;251;391;2;Bogotá;2;Bogotá;99;5
297826977;2013;0;0;0;0;0;232;0;0;0;232;NO; ; ; ; ;0;0;0;0;0;3296;0;0;0;3296;3296;5139;2;Bogotá;2;Bogotá;99;5
297826749;2013;0;0;0;0;0;69;0;0;0;69;NO; ; ; ; ;0;0;0;0;0;1302;0;0;0;1302;1302;2030;2;Bogotá;2;Bogotá;99;5
297823613;2013;0;0;0;0;0;87;0;0;0;87;NO; ; ; ; ;0;0;0;0;0;1287;0;0;0;1287;1287;2007;2;Bogotá;2;Bogotá;99;5
297827058;2013;0;0;0;0;0;6;0;0;0;6;NO; ; ; ; ;0;0;0;0;0;86;0;0;0;86;86;134;2;Bogotá;2;Bogotá;99;5
297823853;2013;0;0;0;0;0;42;0;0;0;42;NO; ; ; ; ;0;0;0;0;0;623;0;0;0;623;623;971;2;Bogotá;2;Bogotá;99;5
297824060;2013;0;0;0;0;0;47;0;0;0;47;NO; ; ; ; ;0;0;0;0;0;687;0;0;0;687;687;1071;2;Bogotá;2;Bogotá;99;5
297824123;2013;0;0;0;0;0;62;0;0;0;62;NO; ; ; ; ;0;0;0;0;0;851;0;0;0;851;851;1371;2;Bogotá;2;Bogotá;99;5
297823455;2013;0;0;0;0;0;4;0;0;0;4;NO; ; ; ; ;0;0;0;0;0;80;0;0;0;80;80;125;2;Bogotá;2;Bogotá;99;5
297823642;2013;0;0;0;0;0;25;0;0;0;25;NO; ; ; ; ;0;0;0;0;0;525;0;0;0;525;525;819;2;Bogotá;2;Bogotá;99;5
297818827;2013;0;0;0;0;0;33;0;0;0;33;NO; ; ; ; ;0;0;0;0;0;480;0;0;0;480;480;748;2;Bogotá;2;Bogotá;99;5
297823431;2013;0;0;0;0;0;16;0;0;0;16;NO; ; ; ; ;0;0;0;0;0;239;0;0;0;239;239;373;2;Bogotá;2;Bogotá;99;5
297839499;2013;0;0;0;0;0;79;0;0;0;79;NO; ; ; ; ;0;0;0;0;0;1164;0;0;0;1164;1164;1815;2;Bogotá;2;Bogotá;99;5
297823062;2013;0;0;0;0;0;74;0;0;0;74;NO; ; ; ; ;0;0;0;0;0;1081;0;0;0;1081;1081;1685;2;Bogotá;2;Bogotá;99;5
297827337;2013;0;0;0;0;0;81;0;0;0;81;NO; ; ; ; ;0;0;0;0;0;1029;0;0;0;1029;1029;1544;2;Bogotá;2;Bogotá;99;5
413402;2013;0;0;0;0;0;21;0;0;0;21;NO; ; ; ; ;0;0;0;0;0;300;0;0;0;300;300;468;2;Bogotá;2;Bogotá;99;5
297822677;2013;0;0;0;0;0;19;0;0;0;19;NO; ; ; ; ;0;0;0;0;0;276;0;0;0;276;276;430;2;Bogotá;2;Bogotá;99;5
297826662;2013;20000;5000;5347;0;30347;2066;0;0;0;2066;SI; ;b; ; ;7636;0;0;0;7636;22910;0;0;0;22910;30546;45600;2;Bogotá;2;Bogotá;99;5
297822990;2013;3500;0;2200;0;5700;47;0;0;0;47;SI;a; ; ; ;139;0;0;0;139;554;0;0;0;554;693;1080;2;Bogotá;2;Bogotá;99;5
450886;2013;0;0;0;0;0;45;0;0;0;45;NO; ; ; ; ;0;0;0;0;0;598;0;0;0;598;598;1095;2;Bogotá;2;Bogotá;99;5
297823265;2013;0;0;0;0;0;29;0;0;0;29;NO; ; ; ; ;0;0;0;0;0;432;0;0;0;432;432;673;2;Bogotá;2;Bogotá;99;5
297823601;2013;0;0;0;0;0;133;0;0;0;133;NO; ; ; ; ;0;0;0;0;0;1954;0;0;0;1954;1954;3045;2;Bogotá;2;Bogotá;99;5
297821402;2013;0;0;0;0;0;35;0;0;0;35;NO; ; ; ; ;0;0;0;0;0;482;0;0;0;482;482;752;2;Bogotá;2;Bogotá;99;5
297823258;2013;0;0;0;0;0;24;0;0;0;24;NO; ; ; ; ;0;0;0;0;0;357;0;0;0;357;357;557;2;Bogotá;2;Bogotá;99;5
297819921;2013;0;0;0;0;0;13;0;0;0;13;NO; ; ; ; ;0;0;0;0;0;203;0;0;0;203;203;314;2;Bogotá;2;Bogotá;99;5
408533;2013;1500;984;0;0;2484;160;0;0;0;160;SI; ;b; ; ;471;0;0;0;471;1884;0;0;0;1884;2355;3672;2;Bogotá;2;Bogotá;99;5
450869;2013;0;0;0;0;0;101;0;0;0;101;NO; ; ; ; ;0;0;0;0;0;1500;0;0;0;1500;1500;2339;2;Bogotá;2;Bogotá;99;5
297823316;2013;0;0;0;0;0;11;0;0;0;11;NO; ; ; ; ;0;0;0;0;0;162;0;0;0;162;162;253;2;Bogotá;2;Bogotá;99;5
297826835;2013;0;0;560;0;560;296;0;0;0;296;SI;a; ; ; ;2176;0;0;0;2176;2177;0;0;0;2177;4353;6787;2;Bogotá;2;Bogotá;99;5
165923;2013;0;0;0;0;0;39;0;0;0;39;NO; ; ; ; ;0;0;0;0;0;606;0;0;0;606;606;945;2;Bogotá;2;Bogotá;99;5
297826497;2013;0;0;0;0;0;88;0;0;0;88;NO; ; ; ; ;0;0;0;0;0;1296;0;0;0;1296;1296;2021;2;Bogotá;2;Bogotá;99;5
297820374;2013;0;0;0;0;0;8;0;0;0;8;NO; ; ; ; ;0;0;0;0;0;145;0;0;0;145;145;195;2;Bogotá;2;Bogotá;99;5
297819999;2013;0;0;0;0;0;43;0;0;0;43;NO; ; ; ; ;0;0;0;0;0;638;0;0;0;638;638;995;2;Bogotá;2;Bogotá;99;5
297823669;2013;0;0;0;0;0;12;0;0;0;12;NO; ; ; ; ;0;0;0;0;0;0;174;0;0;174;174;0;2;Bogotá;2;Bogotá;99;5
297834076;2013;0;0;0;0;0;56;0;0;0;56;NO; ; ; ; ;0;0;0;0;0;825;0;0;0;825;825;1286;2;Bogotá;2;Bogotá;99;5
299303245;2013;0;0;0;0;0;0;0;0;0;0;NO; ; ; ; ;0;0;0;0;0;1;0;0;0;1;1;0;2;Bogotá;2;Bogotá;99;5
441267;2013;0;0;0;0;0;235;0;0;0;235;NO; ; ; ; ;0;0;0;0;0;3560;0;0;0;3560;3560;5546;2;Bogotá;2;Bogotá;99;5
441565;2013;0;0;0;0;0;34;0;0;0;34;NO; ; ; ; ;0;0;0;0;0;539;0;0;0;539;539;856;2;Bogotá;2;Bogotá;99;5
441566;2013;0;0;0;0;0;14;0;0;0;14;NO; ; ; ; ;0;0;0;0;0;267;0;0;0;267;267;416;2;Bogotá;2;Bogotá;99;5
441567;2013;0;0;0;0;0;63;0;0;0;63;NO; ; ; ; ;0;0;0;0;0;939;0;0;0;939;939;1430;2;Bogotá;2;Bogotá;99;5
441568;2013;0;0;0;0;0;36;0;0;0;36;NO; ; ; ; ;0;0;0;0;0;535;0;0;0;535;535;814;2;Bogotá;2;Bogotá;99;5
441569;2013;0;0;0;0;0;29;0;0;0;29;NO; ; ; ; ;0;0;0;0;0;647;0;0;0;647;647;985;2;Bogotá;2;Bogotá;99;5
441570;2013;0;0;0;0;0;68;0;0;0;68;NO; ; ; ; ;0;0;0;0;0;916;0;0;0;916;916;1395;2;Bogotá;2;Bogotá;99;5
450863;2013;0;0;0;0;0;111;0;0;0;111;NO; ; ; ; ;0;0;0;0;0;1816;0;0;0;1816;1816;2551;2;Bogotá;2;Bogotá;99;5
297823534;2013;0;0;0;0;0;16;0;0;0;16;NO; ; ; ; ;0;0;0;0;0;294;0;0;0;294;294;458;2;Bogotá;2;Bogotá;99;5
299303246;2013;0;0;0;0;0;49;0;0;0;49;NO; ; ; ; ;0;0;0;0;0;730;0;0;0;730;730;1095;2;Bogotá;2;Bogotá;99;5
297824086;2013;0;0;0;0;0;112;0;0;0;112;NO; ; ; ; ;0;0;0;0;0;1651;0;0;0;1651;1651;2631;2;Bogotá;2;Bogotá;99;5
447079;2013;0;0;0;0;0;182;0;0;0;182;NO; ; ; ; ;0;0;0;0;0;2655;0;0;0;2655;2655;3994;2;Bogotá;2;Bogotá;99;5
297826870;2013;500;11031;4320;0;15851;3185;0;0;0;3185;SI;a; ; ; ;14049;0;0;0;14049;32777;0;0;0;32777;46826;73007;2;Bogotá;2;Bogotá;99;5
297826640;2013;0;0;0;0;0;160;0;0;0;160;NO; ; ; ; ;0;0;0;0;0;2185;0;0;0;2185;2185;3327;2;Bogotá;2;Bogotá;99;5
297826980;2013;0;0;0;0;0;635;1;0;0;636;SI;a; ; ; ;2505;0;0;0;2505;5845;0;0;0;5845;8350;12717;2;Bogotá;2;Bogotá;99;5
299304555;2013;0;0;0;0;0;118;0;0;0;118;NO; ; ; ; ;0;0;0;0;0;1640;0;0;0;1640;1640;2497;2;Bogotá;2;Bogotá;99;5
297826975;2013;0;0;0;0;0;333;0;0;0;333;NO; ; ; ; ;0;0;0;0;0;5372;0;0;0;5372;5372;7735;2;Bogotá;2;Bogotá;99;5
297839506;2013;0;0;0;0;0;184;0;0;0;184;NO; ; ; ; ;0;0;0;0;0;2709;0;0;0;2709;2709;4224;2;Bogotá;2;Bogotá;99;5
9807441;2013;0;0;0;0;0;7;0;0;0;7;NO; ; ; ; ;0;0;0;0;0;110;0;0;0;110;110;171;2;Bogotá;2;Bogotá;99;5
9807448;2013;0;0;0;0;0;231;0;0;0;231;NO; ; ; ; ;0;0;0;0;0;3389;0;0;0;3389;3389;5284;2;Bogotá;2;Bogotá;99;5
441825;2013;0;0;0;0;0;0;0;0;0;0;NO; ; ; ; ;0;0;0;0;0;0;0;23945;0;23945;23945;0;1;Barranquilla;16;Santa Marta;99;5
9795548;2013;0;1200;800;0;2000;0;0;0;0;0;SI;a; ; ; ;0;0;2190;0;2190;0;0;0;0;0;2190;0;2;Bogotá;18;Villavicencio;99;5
297826990;2013;0;500;1200;0;1700;1033;0;0;0;1033;SI;a; ; ; ;3085;0;0;0;3085;12344;0;0;0;12344;15429;23729;2;Bogotá;2;Bogotá;99;5
297826738;2013;0;0;6350;0;6350;3186;0;0;0;3186;NO; ; ; ; ;0;0;0;0;0;46812;0;0;0;46812;46812;71294;2;Bogotá;2;Bogotá;99;5
297839497;2013;0;1690;649;0;2339;604;0;0;0;604;SI; ;b; ; ;2818;0;0;0;2818;6574;0;0;0;6574;9392;14643;2;Bogotá;2;Bogotá;99;5
297826642;2013;8000;5000;4000;75;17075;1558;0;0;0;1558;SI; ;b; ; ;6849;0;0;0;6849;16044;0;0;0;16044;22893;35693;2;Bogotá;2;Bogotá;99;5
297718322;2013;0;0;0;0;0;254;0;0;0;254;NO; ; ; ; ;0;0;0;0;0;3726;0;0;0;3726;3726;5865;2;Bogotá;2;Bogotá;99;5
297826647;2013;0;0;0;0;0;85;0;0;0;85;NO; ; ; ; ;0;0;0;0;0;1876;0;0;0;1876;1876;2925;2;Bogotá;2;Bogotá;99;5
9815979;2013;0;0;550;0;550;8203;0;0;0;8203;NO; ; ; ; ;0;0;0;0;0;4761;0;0;0;4761;4761;8203;1;Barranquilla;16;Santa Marta;99;5
299303285;2013;0;1100;3200;0;4300;321;0;0;0;321;SI; ;b; ; ;792;0;0;0;792;7128;0;0;0;7128;7920;11880;2;Bogotá;2;Bogotá;99;5
448987;2013;0;3905;3906;0;7811;838;0;0;0;838;SI;a; ; ; ;6153;0;0;0;6153;6153;0;0;0;6153;12306;17238;2;Bogotá;2;Bogotá;99;5
297730503;2013;1500;0;0;0;1500;0;0;0;0;0;NO; ; ; ; ;0;0;0;0;0;9197;0;0;0;9197;9197;8640;1;Barranquilla;16;Santa Marta;99;5
297718312;2013;0;0;0;0;0;474;0;0;0;474;NO; ; ; ; ;0;0;0;0;0;10019;0;0;0;10019;10019;15258;2;Bogotá;2;Bogotá;99;5
297718302;2013;0;4200;3500;80;7780;1495;0;0;0;1495;SI; ; ; ;d;8790;0;0;0;8790;13187;0;0;0;13187;21977;33470;2;Bogotá;2;Bogotá;99;5
297822448;2013;0;0;0;0;0;169;0;0;0;169;NO; ; ; ; ;0;0;0;0;0;2414;0;0;0;2414;2414;3676;2;Bogotá;2;Bogotá;99;5
297839505;2013;16427;800;615;0;17842;1020;0;0;0;1020;SI;a; ; ; ;3000;0;0;0;3000;12050;0;0;0;12050;15050;25723;2;Bogotá;2;Bogotá;99;5
297821308;2013;0;6251;0;0;6251;371;0;0;0;371;SI; ;b; ; ;5721;0;0;0;5721;0;0;0;0;0;5721;8920;2;Bogotá;2;Bogotá;99;5
297718360;2013;0;0;2000;0;2000;230;0;0;0;230;NO; ; ; ; ;0;0;0;0;0;3256;0;0;0;3256;3256;4958;2;Bogotá;2;Bogotá;99;5
297718363;2013;0;0;0;0;0;401;0;0;0;401;SI;a; ; ; ;590;0;0;0;590;5311;0;0;0;5311;5901;9200;2;Bogotá;2;Bogotá;99;5
297718362;2013;0;410;2160;0;2570;700;0;0;0;700;SI;a; ; ; ;2385;0;0;0;2385;6565;0;0;0;6565;8950;17071;2;Bogotá;2;Bogotá;99;5
297822336;2013;0;0;0;0;0;112;0;0;0;112;NO; ; ; ; ;0;0;0;0;0;1650;0;0;0;1650;1650;2475;2;Bogotá;2;Bogotá;99;5
297717006;2013;0;355;157;0;512;293;0;0;0;293;SI;a; ; ; ;878;0;0;0;878;3509;0;0;0;3509;4387;6576;2;Bogotá;2;Bogotá;99;5
297717021;2013;0;0;0;0;0;0;0;0;0;0;SI;a; ; ; ;3590;0;0;0;3590;14358;0;0;0;14358;17948;0;2;Bogotá;2;Bogotá;99;5
297717024;2013;0;0;0;0;0;469;0;0;0;469;NO; ; ; ; ;0;0;0;0;0;7277;0;0;0;7277;7277;4990;2;Bogotá;2;Bogotá;99;5
297839796;2013;0;0;0;0;0;43;0;0;0;43;NO; ; ; ; ;0;0;0;0;0;617;0;0;0;617;617;961;2;Bogotá;2;Bogotá;99;5
297818794;2013;0;0;0;0;0;23;0;0;0;23;NO; ; ; ; ;0;0;0;0;0;327;0;0;0;327;327;508;2;Bogotá;2;Bogotá;99;5
283047;2013;0;576;0;0;576;156;0;0;0;156;SI; ;b; ; ;454;0;0;0;454;2000;0;0;0;2000;2454;3826;2;Bogotá;2;Bogotá;99;5
297820580;2013;0;0;0;0;0;0;0;0;0;0;NO; ; ; ; ;0;0;0;0;0;520;0;0;0;520;520;356;2;Bogotá;85;Yopal;99;5
452232;2013;0;0;2200;0;2200;0;0;0;0;0;SI;a; ; ; ;0;0;939;0;939;0;0;0;0;0;939;0;2;Bogotá;2;Bogotá;99;5
297718330;2013;0;0;0;0;0;223;0;0;0;223;NO; ; ; ; ;0;0;0;0;0;3236;0;0;0;3236;3236;5145;2;Bogotá;2;Bogotá;99;5
297821918;2013;0;0;0;0;0;131;0;0;0;131;NO; ; ; ; ;0;0;0;0;0;1926;0;0;0;1926;1926;3003;2;Bogotá;2;Bogotá;99;5
297822767;2013;0;0;0;0;0;278;0;0;0;278;NO; ; ; ; ;0;0;0;0;0;3412;0;0;0;3412;3412;5196;2;Bogotá;2;Bogotá;99;5
297822929;2013;0;500;1000;0;1500;0;0;0;0;0;SI; ;b; ; ;0;4152;0;0;4152;0;0;0;0;0;4152;0;2;Bogotá;2;Bogotá;99;5
299303275;2013;0;2200;0;0;2200;0;0;0;0;0;SI;a; ; ; ;0;3340;0;0;3340;0;0;0;0;0;3340;0;2;Bogotá;2;Bogotá;99;5
297827029;2013;0;0;0;0;0;0;0;0;0;0;NO; ; ; ; ;0;0;0;0;0;446;0;0;0;446;446;180;2;Bogotá;91;Leticia;99;5
297821059;2013;0;0;0;0;0;0;0;0;0;0;NO; ; ; ; ;0;0;0;0;0;1271;0;0;0;1271;1271;256;2;Bogotá;91;Leticia;99;5
256628;2013;0;0;0;0;0;0;0;0;0;0;NO; ; ; ; ;0;0;0;0;0;3888;0;0;0;3888;3888;257;2;Bogotá;91;Leticia;99;5
297839502;2013;0;0;0;0;0;0;0;0;0;0;SI;a; ; ; ;0;0;72;0;72;0;0;0;0;0;72;0;2;Bogotá;91;Leticia;99;5
297730495;2013;0;0;0;0;0;0;0;0;0;0;NO; ; ; ; ;0;0;0;0;0;832;0;0;0;832;832;250;2;Bogotá;91;Leticia;99;5
297827899;2013;900;2510;0;0;3410;0;0;0;0;0;SI; ;b; ; ;10576;0;0;0;10576;0;0;0;0;0;10576;4458;2;Bogotá;91;Leticia;99;5
297827887;2013;0;200;100;0;300;0;0;0;0;0;SI;a; ; ; ;0;0;411;0;411;0;0;0;0;0;411;0;2;Bogotá;91;Leticia;99;5
441040;2013;0;0;0;0;0;0;0;0;0;0;NO; ; ; ; ;0;0;0;0;0;730;0;0;0;730;730;252;2;Bogotá;91;Leticia;99;5
297823991;2013;0;0;0;0;0;41;0;0;0;41;NO; ; ; ; ;0;0;0;0;0;864;0;0;0;864;864;1296;2;Bogotá;2;Bogotá;99;5
444211;2013;0;0;0;0;0;0;0;0;0;0;NO; ; ; ; ;0;0;0;0;0;392;0;0;0;392;392;90;2;Bogotá;18;Villavicencio;99;5
297822054;2013;0;0;0;0;0;73;0;0;0;73;NO; ; ; ; ;0;0;0;0;0;1279;0;0;0;1279;1279;2024;2;Bogotá;2;Bogotá;99;5
297819453;2013;0;0;0;0;0;104;0;0;0;104;NO; ; ; ; ;0;0;0;0;0;1533;0;0;0;1533;1533;2390;2;Bogotá;2;Bogotá;99;5
450867;2013;0;0;0;0;0;160;0;0;0;160;NO; ; ; ; ;0;0;0;0;0;2699;0;0;0;2699;2699;4110;2;Bogotá;2;Bogotá;99;5
441850;2013;0;0;0;0;0;0;0;0;0;0;NO; ; ; ; ;0;0;0;0;0;4172;0;0;0;4172;4172;17520;1;Barranquilla;22;San Andrés;99;5
297823164;2013;0;0;0;0;0;235;0;0;0;235;NO; ; ; ; ;0;0;0;0;0;3411;0;0;0;3411;3411;5150;2;Bogotá;2;Bogotá;99;5
297718671;2013;0;500;0;0;500;260;0;0;0;260;SI;a; ; ; ;1147;0;0;0;1147;2675;0;0;0;2675;3822;5958;2;Bogotá;2;Bogotá;99;5
297717025;2013;0;0;0;0;0;931;0;0;0;931;NO; ; ; ; ;0;0;0;0;0;13500;0;0;0;13500;13500;20722;2;Bogotá;2;Bogotá;99;5
297821128;2013;0;0;0;0;0;356;0;0;0;356;SI;a; ; ; ;1026;0;0;0;1026;4147;0;0;0;4147;5173;7811;2;Bogotá;2;Bogotá;99;5
297826003;2013;0;0;0;0;0;0;0;0;0;0;NO; ; ; ; ;0;0;0;0;0;1;0;0;0;1;1;0;2;Bogotá;2;Bogotá;99;5
297827332;2013;0;0;0;0;0;235;0;0;0;235;NO; ; ; ; ;0;0;0;0;0;3560;0;0;0;3560;3560;5546;2;Bogotá;2;Bogotá;99;5
299304556;2013;0;0;0;150;150;28;0;0;0;28;NO; ; ; ; ;0;0;0;0;0;432;0;0;0;432;432;673;2;Bogotá;2;Bogotá;99;5
297824845;2013;0;0;0;0;0;0;0;0;0;0;NO; ; ; ; ;0;0;0;0;0;460;0;0;0;460;460;204;2;Bogotá;91;Leticia;99;5
297840105;2013;0;0;0;0;0;0;0;0;0;0;SI;a; ; ; ;0;0;1050;0;1050;0;0;0;0;0;1050;0;2;Bogotá;91;Leticia;99;5
297825821;2013;0;0;0;0;0;0;0;0;0;0;NO; ; ; ; ;0;0;0;0;0;240;0;0;0;240;240;86;2;Bogotá;91;Leticia;99;5
297827619;2013;0;0;0;0;0;0;0;0;0;0;NO; ; ; ; ;0;0;0;0;0;416;0;0;0;416;416;148;2;Bogotá;91;Leticia;99;5
297840102;2013;0;0;0;0;0;0;0;0;0;0;NO; ; ; ; ;0;0;0;0;0;160;0;0;0;160;160;117;2;Bogotá;91;Leticia;99;5
297825685;2013;0;0;0;0;0;0;0;0;0;0;NO; ; ; ; ;0;0;0;0;0;1207;0;0;0;1207;1207;1172;2;Bogotá;91;Leticia;99;5
297823003;2013;0;0;0;0;0;0;0;0;0;0;NO; ; ; ; ;0;0;0;0;0;1803;0;0;0;1803;1803;308;2;Bogotá;91;Leticia;99;5
297826634;2013;0;0;0;0;0;0;0;0;0;0;NO; ; ; ; ;0;0;0;0;0;1428;0;0;0;1428;1428;257;2;Bogotá;91;Leticia;99;5
297822047;2013;0;0;0;0;0;0;0;0;0;0;NO; ; ; ; ;0;0;0;0;0;546;0;0;0;546;546;276;2;Bogotá;91;Leticia;99;5
446751;2013;0;0;0;0;0;0;0;0;0;0;NO; ; ; ; ;0;0;0;0;0;536;0;0;0;536;536;290;2;Bogotá;91;Leticia;99;5
259709;2013;0;0;0;0;0;0;0;0;0;0;NO; ; ; ; ;0;0;0;0;0;154;0;0;0;154;154;290;2;Bogotá;91;Leticia;99;5
297818963;2013;0;0;0;0;0;0;0;0;0;0;NO; ; ; ; ;0;0;0;0;0;1098;0;0;0;1098;1098;321;2;Bogotá;91;Leticia;99;5
297840103;2013;0;0;0;0;0;0;0;0;0;0;SI;a; ; ; ;0;0;548;0;548;0;0;0;0;0;548;0;2;Bogotá;91;Leticia;99;5
394762;2013;3000;0;200;0;3200;0;0;0;0;0;SI;a; ; ; ;0;0;187;0;187;0;0;0;0;0;187;0;2;Bogotá;91;Leticia;99;5
297833958;2013;0;0;0;0;0;0;0;0;0;0;NO; ; ; ; ;0;0;0;0;0;234;0;0;0;234;234;168;2;Bogotá;91;Leticia;99;5
297823481;2013;0;0;0;0;0;0;0;0;0;0;NO; ; ; ; ;0;0;0;0;0;598;0;0;0;598;598;220;2;Bogotá;91;Leticia;99;5
297821674;2013;0;0;0;0;0;0;0;0;0;0;NO; ; ; ; ;0;0;0;0;0;370;0;0;0;370;370;320;2;Bogotá;91;Leticia;99;5
299304550;2013;0;0;0;0;0;9;0;0;0;9;NO; ; ; ; ;0;0;0;0;0;145;0;0;0;145;145;224;2;Bogotá;2;Bogotá;99;5
297827324;2013;0;0;0;0;0;0;0;0;0;0;NO; ; ; ; ;0;0;0;0;0;544;0;0;0;544;544;0;2;Bogotá;2;Bogotá;99;5
296886227;2013;0;0;0;0;0;460;0;0;0;460;SI;a; ; ; ;2009;0;0;0;2009;4690;0;0;0;4690;6699;10041;2;Bogotá;2;Bogotá;99;5
297718270;2013;0;3600;0;0;3600;582;0;0;0;582;SI;a; ; ; ;2686;0;0;0;2686;6270;0;0;0;6270;8956;13962;2;Bogotá;2;Bogotá;99;5
452147;2013;0;0;0;0;0;96;0;0;0;96;NO; ; ; ; ;0;0;0;0;0;3434;0;0;0;3434;3434;2957;3;Bucaramanga;3;Bucaramanga;99;5
296886218;2013;0;0;0;0;0;246;0;0;0;246;NO; ; ; ; ;0;0;0;0;0;8834;0;0;0;8834;8834;7606;3;Bucaramanga;3;Bucaramanga;99;5
297839501;2013;0;0;1462;0;1462;1637;0;0;0;1637;NO; ; ; ; ;0;0;0;0;0;25301;0;0;0;25301;25301;41705;2;Bogotá;2;Bogotá;99;5
382102;2013;0;0;0;0;0;405;0;0;0;405;NO; ; ; ; ;0;0;0;0;0;11591;0;0;0;11591;11591;12944;3;Bucaramanga;3;Bucaramanga;99;5
297826761;2013;0;0;0;0;0;204;0;0;0;204;NO; ; ; ; ;0;0;0;0;0;7314;0;0;0;7314;7314;9502;3;Bucaramanga;3;Bucaramanga;99;5
296914019;2013;0;0;0;0;0;420;0;0;0;420;NO; ; ; ; ;0;0;0;0;0;11758;0;0;0;11758;11758;12707;3;Bucaramanga;3;Bucaramanga;99;5
297826917;2013;0;0;0;0;0;558;0;0;0;558;NO; ; ; ; ;0;0;0;0;0;20020;0;0;0;20020;20020;25839;3;Bucaramanga;3;Bucaramanga;99;5
297826729;2013;0;0;0;0;0;402;0;0;0;402;NO; ; ; ; ;0;0;0;0;0;14430;0;0;0;14430;14430;12424;3;Bucaramanga;3;Bucaramanga;99;5
297826888;2013;0;0;0;0;0;447;0;0;0;447;NO; ; ; ; ;0;0;0;0;0;11677;0;0;0;11677;11677;14004;3;Bucaramanga;3;Bucaramanga;99;5
297826958;2013;0;0;0;0;0;248;0;0;0;248;NO; ; ; ; ;0;0;0;0;0;7912;0;0;0;7912;7912;11737;3;Bucaramanga;3;Bucaramanga;99;5
452268;2013;0;435;0;0;435;0;0;0;0;0;SI; ;b; ; ;0;26294;0;0;26294;0;0;0;0;0;26294;0;3;Bucaramanga;3;Bucaramanga;99;5
452269;2013;0;3267;2109;0;5376;0;113;0;0;113;SI; ; ;c; ;0;18300;0;0;18300;0;0;0;0;0;18300;0;3;Bucaramanga;3;Bucaramanga;99;5
297826916;2013;0;0;0;0;0;80;0;0;0;80;NO; ; ; ; ;0;0;0;0;0;2886;0;0;0;2886;2886;2485;3;Bucaramanga;3;Bucaramanga;99;5
455214;2013;0;0;0;0;0;76;0;0;0;76;NO; ; ; ; ;0;0;0;0;0;4303;0;0;0;4303;4303;3704;3;Bucaramanga;3;Bucaramanga;99;5
297826915;2013;0;0;0;0;0;237;0;0;0;237;NO; ; ; ; ;0;0;0;0;0;8350;0;0;0;8350;8350;7189;3;Bucaramanga;3;Bucaramanga;99;5
297826605;2013;0;0;900;0;900;107;0;0;0;107;NO; ; ; ; ;0;0;0;0;0;3838;0;0;0;3838;3838;3305;3;Bucaramanga;3;Bucaramanga;99;5
420510;2013;0;0;0;400;400;144;0;0;0;144;NO; ; ; ; ;0;0;0;0;0;6189;0;0;0;6189;6189;4439;3;Bucaramanga;3;Bucaramanga;99;5
297823964;2013;0;0;0;0;0;624;0;0;0;624;NO; ; ; ; ;0;0;0;0;0;22472;0;0;0;22472;22472;19866;3;Bucaramanga;3;Bucaramanga;99;5
297822876;2013;0;0;0;0;0;158;0;0;0;158;NO; ; ; ; ;0;0;0;0;0;5663;0;0;0;5663;5663;4876;3;Bucaramanga;3;Bucaramanga;99;5
297824118;2013;2000;0;0;0;2000;0;0;0;0;0;SI;a; ; ; ;580;0;0;0;580;6985;0;0;0;6985;7565;4744;3;Bucaramanga;3;Bucaramanga;99;5
297827338;2013;0;0;0;0;0;130;0;0;0;130;NO; ; ; ; ;0;0;0;0;0;5571;0;0;0;5571;5571;3935;3;Bucaramanga;3;Bucaramanga;99;5
452141;2013;0;0;0;0;0;1027;0;0;0;1027;NO; ; ; ; ;0;0;0;0;0;9090;0;0;0;9090;9090;8181;3;Bucaramanga;3;Bucaramanga;99;5
444253;2013;9000;13524;7500;1200;31224;0;0;0;0;0;SI; ;b; ; ;0;44201;0;0;44201;0;0;0;0;0;44201;0;3;Bucaramanga;3;Bucaramanga;99;5
452143;2013;17338;2773;13871;4161;38143;0;0;0;0;0;SI;a; ; ; ;0;14096;0;0;14096;0;0;0;0;0;14096;1;3;Bucaramanga;3;Bucaramanga;99;5
297820053;2013;0;0;0;0;0;168;8;0;0;176;NO; ; ; ; ;0;0;0;0;0;6046;0;0;0;6046;6046;5224;3;Bucaramanga;3;Bucaramanga;99;5
299304551;2013;0;0;0;0;0;0;0;0;0;0;NO; ; ; ; ;0;0;0;0;0;3100;0;0;0;3100;3100;0;3;Bucaramanga;3;Bucaramanga;99;5
297838190;2013;0;0;0;0;0;0;0;0;0;0;NO; ; ; ; ;0;0;0;0;0;4130;0;0;0;4130;4130;3218;4;Cali;4;Cali;99;5
455239;2013;0;0;0;0;0;202;0;0;0;202;NO; ; ; ; ;0;0;0;0;0;7804;0;0;0;7804;7804;18503;4;Cali;4;Cali;99;5
297826717;2013;0;0;0;0;0;738;0;0;0;738;NO; ; ; ; ;0;0;0;0;0;29165;0;0;0;29165;29165;67846;4;Cali;4;Cali;99;5
297826765;2013;0;0;0;0;0;91;0;0;0;91;NO; ; ; ; ;0;0;0;0;0;3528;0;0;0;3528;3528;14867;4;Cali;4;Cali;99;5
297826766;2013;0;0;0;0;0;456;0;0;0;456;NO; ; ; ; ;0;0;0;0;0;15100;0;0;0;15100;15100;23700;4;Cali;4;Cali;99;5
297821302;2013;0;0;0;0;0;0;0;0;0;0;NO; ; ; ; ;0;0;0;0;0;4336;0;0;0;4336;4336;12483;4;Cali;4;Cali;99;5
297826771;2013;748;0;269;0;1017;205;0;0;0;205;NO; ; ; ; ;0;0;0;0;0;7394;0;0;0;7394;7394;16857;4;Cali;4;Cali;99;5
297821622;2013;0;0;0;0;0;472;0;0;0;472;NO; ; ; ; ;0;0;0;0;0;17902;0;0;0;17902;17902;30173;4;Cali;4;Cali;99;5
452422;2013;0;0;0;0;0;0;0;0;0;0;NO; ; ; ; ;0;0;0;0;0;5138;0;0;0;5138;5138;0;5;Manizales;5;Manizales;99;5
452426;2013;0;3143;400;350;3893;1164;0;0;0;1164;SI; ; ;c; ;18607;0;0;0;18607;7975;0;0;0;7975;26582;24079;5;Manizales;11;Ibagué;99;5
9807415;2013;0;0;0;0;0;856;0;0;0;856;NO; ; ; ; ;0;0;0;0;0;12598;0;0;0;12598;12598;19665;2;Bogotá;2;Bogotá;99;5
296886245;2013;9720;0;0;500;10220;0;67673;0;0;67673;SI; ;b; ; ;8290;0;0;0;8290;19371;0;0;0;19371;27661;67673;6;Medellín;6;Medellín;99;5
296886246;2013;12354;1480;716;0;14550;524;0;0;0;524;SI;a; ; ; ;3080;0;0;0;3080;4624;0;0;0;4624;7704;12089;2;Bogotá;2;Bogotá;99;5
296886247;2013;0;1480;4000;0;5480;659;0;0;0;659;SI; ;b; ; ;5329;0;0;0;5329;4360;0;0;0;4360;9689;15106;2;Bogotá;2;Bogotá;99;5
296886248;2013;0;0;0;0;0;0;0;0;0;0;NO; ; ; ; ;0;0;0;0;0;7427;0;0;0;7427;7427;10765;5;Manizales;5;Manizales;99;5
296886249;2013;0;0;0;0;0;0;0;0;0;0;NO; ; ; ; ;0;0;0;0;0;2093;0;0;0;2093;2093;3071;5;Manizales;5;Manizales;99;5
296886250;2013;0;0;12255;0;12255;376;0;0;0;376;SI; ; ; ;d;39622;0;0;0;39622;0;0;0;0;0;39622;21044;1;Barranquilla;16;Santa Marta;99;5
297718282;2013;0;10898;4059;0;14957;0;1000;0;0;1000;SI; ; ;c; ;0;0;52661;0;52661;0;0;0;0;0;52661;0;1;Barranquilla;9;Cartagena;99;5
297730369;2013;0;3900;3200;0;7100;2133;0;0;0;2133;SI;a; ; ; ;13677;0;0;0;13677;17676;0;0;0;17676;31353;48877;2;Bogotá;2;Bogotá;99;5
297730371;2013;810;690;322;0;1822;359;0;0;0;359;SI; ;b; ; ;1612;0;0;0;1612;3760;0;0;0;3760;5372;8433;2;Bogotá;2;Bogotá;99;5
297730372;2013;0;1480;0;0;1480;102;0;0;0;102;SI; ;b; ; ;765;0;0;0;765;1788;0;0;0;1788;2553;3978;2;Bogotá;2;Bogotá;99;5
297730373;2013;1000;2320;3600;0;6920;1850;0;0;0;1850;SI;a; ; ; ;4001;0;0;0;4001;18549;0;0;0;18549;22550;37003;1;Barranquilla;1;Barranquilla;99;5
297730375;2013;0;4440;0;0;4440;359;0;0;0;359;SI;a; ; ; ;14409;0;0;0;14409;0;0;0;0;0;14409;35252;6;Medellín;6;Medellín;99;5
297730377;2013;0;4740;1500;1000;7240;0;9600;0;0;9600;SI; ;b; ; ;63400;0;600;0;64000;0;0;0;0;0;64000;16000;2;Bogotá;17;Tunja;99;5
297730504;2013;4440;0;0;0;4440;89;7320;0;0;7409;SI;a; ; ; ;2992;0;0;0;2992;0;0;0;0;0;2992;7320;6;Medellín;6;Medellín;99;5
297730506;2013;1220;332;598;410;2560;0;0;0;0;0;SI; ; ; ;d;0;29160;0;0;29160;0;0;0;0;0;29160;19948;5;Manizales;11;Ibagué;99;5
297730507;2013;0;3540;0;0;3540;960;0;0;0;960;SI; ;b; ; ;13623;0;0;0;13623;0;0;0;0;0;13623;21385;2;Bogotá;2;Bogotá;99;5
297838052;2013;12500;3400;2100;170;18170;842;0;0;0;842;SI;a; ; ; ;19127;0;0;0;19127;85370;0;0;0;85370;104497;226357;4;Cali;4;Cali;99;5
296914052;2013;0;5121;1343;0;6464;586;0;0;0;586;SI;a; ; ; ;24062;0;0;0;24062;2900;0;0;0;2900;26962;58617;4;Cali;4;Cali;99;5
297826920;2013;0;0;0;0;0;0;0;0;0;0;NO; ; ; ; ;0;0;0;0;0;6766;0;0;0;6766;6766;5666;4;Cali;4;Cali;99;5
446013;2013;5000;3054;4862;0;12916;348;0;0;0;348;SI; ; ;c; ;0;13464;0;0;13464;0;0;0;0;0;13464;0;4;Cali;4;Cali;99;5
452409;2013;5000;3054;4862;0;12916;0;0;0;0;0;SI; ; ;c; ;0;20356;0;0;20356;0;29005;0;0;29005;49361;0;4;Cali;4;Cali;99;5
297826959;2013;0;0;0;0;0;199;0;0;0;199;NO; ; ; ; ;0;0;0;0;0;7188;0;0;0;7188;7188;17280;4;Cali;4;Cali;99;5
306981;2013;0;0;0;0;0;169;0;0;0;169;NO; ; ; ; ;0;0;0;0;0;6507;0;0;0;6507;6507;12915;4;Cali;4;Cali;99;5
297730524;2013;0;0;0;0;0;0;0;0;0;0;NO; ; ; ; ;0;0;0;0;0;0;0;0;4195;4195;4195;0;4;Cali;14;Pasto;99;5
297826949;2013;0;0;0;0;0;90;0;0;0;90;NO; ; ; ; ;0;0;0;0;0;3468;0;0;0;3468;3468;5602;4;Cali;4;Cali;99;5
297826764;2013;0;0;0;0;0;45;0;0;0;45;NO; ; ; ; ;0;0;0;0;0;1938;0;0;0;1938;1938;4054;4;Cali;4;Cali;99;5
297826736;2013;0;0;0;0;0;0;0;0;0;0;NO; ; ; ; ;0;0;0;0;0;24684;0;0;0;24684;24684;31329;4;Cali;4;Cali;99;5
297826872;2013;0;0;0;0;0;0;0;0;0;0;NO; ; ; ; ;0;0;0;0;0;3752;0;0;0;3752;3752;7800;4;Cali;4;Cali;99;5
297826769;2013;0;0;0;0;0;293;0;0;0;293;NO; ; ; ; ;0;0;0;0;0;11912;0;0;0;11912;11912;16952;4;Cali;4;Cali;99;5
297826768;2013;0;0;0;0;0;1300;0;0;0;1300;NO; ; ; ; ;0;0;0;0;0;5483;0;0;0;5483;5483;84906;4;Cali;4;Cali;99;5
297827862;2013;1200;0;0;800;2000;653;0;0;0;653;NO; ; ; ; ;0;0;0;0;0;25178;0;0;0;25178;25178;50733;4;Cali;4;Cali;99;5
444764;2013;0;0;0;0;0;75;0;0;0;75;SI;a; ; ; ;2906;0;0;0;2906;0;0;0;0;0;2906;6874;4;Cali;4;Cali;99;5
455224;2013;0;200;6000;0;6200;739;0;0;0;739;SI;a; ; ; ;3163;0;0;0;3163;28474;0;0;0;28474;31637;46497;4;Cali;4;Cali;99;5
297820355;2013;0;0;0;0;0;104;0;0;0;104;NO; ; ; ; ;0;0;0;0;0;4749;0;0;0;4749;4749;7377;4;Cali;4;Cali;99;5
299304554;2013;1059;1350;1875;890;5174;49;0;0;0;49;SI; ;b; ; ;1590;0;0;0;1590;260;0;0;0;260;1850;2150;4;Cali;4;Cali;99;5
297822435;2013;0;0;0;0;0;0;0;0;0;0;NO; ; ; ; ;0;0;0;0;0;0;0;0;28000;28000;28000;0;4;Cali;4;Cali;99;5
299303283;2013;0;200;0;0;200;285;0;0;0;285;SI; ;b; ; ;0;0;189215;0;189215;0;346896;0;0;346896;536111;0;5;Manizales;5;Manizales;99;5
375000;2013;0;0;0;0;0;0;0;0;0;0;NO; ; ; ; ;0;0;0;0;0;8802;0;0;0;8802;8802;12631;5;Manizales;5;Manizales;99;5
455637;2013;0;240;608;0;848;232;0;0;0;232;SI; ; ;c; ;0;59000;0;0;59000;0;0;0;0;0;59000;0;5;Manizales;5;Manizales;99;5
7070958;2013;0;240;1300;0;1540;154;0;0;0;154;SI; ; ;c; ;0;16100;0;0;16100;0;0;0;0;0;16100;0;5;Manizales;5;Manizales;99;5
297826773;2013;0;0;0;0;0;0;0;0;0;0;NO; ; ; ; ;0;0;0;0;0;3720;0;0;0;3720;3720;1930;5;Manizales;5;Manizales;99;5
444122;2013;0;0;0;0;0;0;0;0;0;0;NO; ; ; ; ;0;0;0;0;0;3483;0;0;0;3483;3483;0;5;Manizales;5;Manizales;99;5
452099;2013;0;1580;3100;0;4680;0;0;0;0;0;SI; ; ;c; ;1970;0;0;0;1970;530;0;0;0;530;2500;1490;5;Manizales;8;Armenia;99;5
9800577;2013;0;0;0;0;0;0;0;0;0;0;NO; ; ; ; ;0;0;0;0;0;1356;0;0;0;1356;1356;1404;5;Manizales;5;Manizales;99;5
452101;2013;0;0;0;0;0;0;0;0;0;0;SI; ;b; ; ;0;0;0;700;700;0;0;0;0;0;700;1477;6;Medellín;6;Medellín;99;5
297826671;2013;0;0;0;0;0;0;0;0;0;0;SI;a; ; ; ;0;143;0;0;143;0;2717;0;0;2717;2860;0;6;Medellín;6;Medellín;99;5
297718664;2013;0;0;0;0;0;79;0;0;0;79;NO; ; ; ; ;0;0;0;0;0;2505;0;0;0;2505;2505;5449;6;Medellín;6;Medellín;99;5
297826675;2013;0;0;0;0;0;229;0;0;0;229;NO; ; ; ; ;0;0;0;0;0;9370;0;0;0;9370;9370;16303;6;Medellín;6;Medellín;99;5
297826976;2013;0;0;0;0;0;512;0;0;0;512;NO; ; ; ; ;0;0;0;0;0;20240;0;0;0;20240;20240;43554;6;Medellín;6;Medellín;99;5
297718666;2013;0;0;0;0;0;0;0;0;0;0;NO; ; ; ; ;0;0;0;0;0;14729;0;0;0;14729;14729;36786;6;Medellín;6;Medellín;99;5
452177;2013;0;0;0;0;0;38;0;0;0;38;NO; ; ; ; ;0;0;0;0;0;1554;0;0;0;1554;1554;2528;6;Medellín;6;Medellín;99;5
297826851;2013;0;0;0;0;0;0;0;0;0;0;SI;a; ; ; ;40168;0;0;0;40168;0;0;0;0;0;40168;77257;6;Medellín;6;Medellín;99;5
297718265;2013;0;0;0;0;0;463;0;0;0;463;NO; ; ; ; ;0;0;0;0;0;18611;0;0;0;18611;18611;30354;6;Medellín;6;Medellín;99;5
296886274;2013;0;0;0;0;0;0;0;0;0;0;NO; ; ; ; ;0;0;0;0;0;5148;0;0;0;5148;5148;0;6;Medellín;6;Medellín;99;5
296886224;2013;0;0;0;0;0;108;0;0;0;108;NO; ; ; ; ;0;0;0;0;0;4331;0;0;0;4331;4331;7072;6;Medellín;6;Medellín;99;5
299303330;2013;0;800;250;0;1050;0;0;0;0;0;SI;a; ; ; ;1933;0;0;0;1933;4108;0;0;0;4108;6041;9819;6;Medellín;6;Medellín;99;5
297826800;2013;200;0;0;0;200;195;0;0;0;195;NO; ; ; ; ;0;0;0;0;0;9300;0;0;0;9300;9300;4000;6;Medellín;6;Medellín;99;5
297718269;2013;0;0;0;0;0;715;0;0;0;715;SI;a; ; ; ;13489;0;0;0;13489;6949;0;0;0;6949;20438;32961;6;Medellín;6;Medellín;99;5
299303276;2013;0;0;646;0;646;1740;605;0;0;2345;SI; ;b; ; ;10916;0;0;0;10916;58000;0;0;0;58000;68916;148851;6;Medellín;6;Medellín;99;5
446746;2013;0;5000;5000;0;10000;1200;8;0;0;1208;SI; ; ; ;d;0;14223;0;0;14223;0;0;0;0;0;14223;0;6;Medellín;6;Medellín;99;5
296886259;2013;0;0;0;0;0;203;0;0;0;203;NO; ; ; ; ;0;0;0;0;0;8292;0;0;0;8292;8292;17744;6;Medellín;6;Medellín;99;5
296886263;2013;0;1500;3500;0;5000;0;0;0;0;0;SI;a; ; ; ;0;3650;0;0;3650;0;0;0;0;0;3650;0;6;Medellín;6;Medellín;99;5
296886264;2013;0;0;0;0;0;0;0;0;0;0;SI;a; ; ; ;0;8310;0;0;8310;0;0;0;0;0;8310;0;6;Medellín;6;Medellín;99;5
375263;2013;0;0;0;0;0;0;0;0;0;0;NO; ; ; ; ;0;0;0;0;0;30144;0;0;0;30144;30144;20671;6;Medellín;6;Medellín;99;5
297730508;2013;20250;1200;1414;0;22864;0;710;0;0;710;SI; ; ; ;d;0;28964;0;0;28964;0;0;0;0;0;28964;0;6;Medellín;6;Medellín;99;5
375941;2013;0;1000;1000;0;2000;1423;0;0;0;1423;SI;a; ; ; ;0;894;0;0;894;0;0;0;0;0;894;0;6;Medellín;6;Medellín;99;5
457974;2013;0;0;0;0;0;0;0;0;0;0;NO; ; ; ; ;0;0;0;0;0;11508;0;0;0;11508;11508;18770;6;Medellín;6;Medellín;99;5
9787477;2013;0;0;0;0;0;184;0;0;0;184;NO; ; ; ; ;0;0;0;0;0;7405;0;0;0;7405;7405;15992;6;Medellín;6;Medellín;99;5
297826674;2013;0;485;100;0;585;2577;0;0;0;2577;SI; ;b; ; ;17959;0;0;0;17959;0;0;0;0;0;17959;0;6;Medellín;6;Medellín;99;5
297730522;2013;0;300;2040;0;2340;88;0;0;0;88;SI; ;b; ; ;265;0;0;0;265;27518;0;0;0;27518;27783;11988;6;Medellín;6;Medellín;99;5
377233;2013;0;0;0;0;0;0;0;0;0;0;NO; ; ; ; ;0;0;0;0;0;3823;0;0;0;3823;3823;2020;5;Manizales;8;Armenia;99;5
378275;2013;0;0;0;0;0;0;0;0;0;0;NO; ; ; ; ;0;0;0;0;0;0;0;1196;0;1196;1196;0;6;Medellín;20;Quibdó;99;5
296886268;2013;0;0;0;0;0;0;0;0;0;0;NO; ; ; ; ;0;0;0;0;0;0;0;4031;0;4031;4031;0;6;Medellín;6;Medellín;99;5
451504;2013;0;96;1200;0;1296;0;0;0;0;0;SI;a; ; ; ;0;0;6530;0;6530;0;0;1669;0;1669;8199;0;6;Medellín;6;Medellín;99;5
297826643;2013;0;0;3480;0;3480;17056;0;0;0;17056;NO; ; ; ; ;0;0;0;0;0;34309;0;0;0;34309;34309;56854;6;Medellín;6;Medellín;99;5
452356;2013;150;1500;800;0;2450;350;0;0;0;350;SI; ;b; ; ;510;0;0;0;510;4598;0;0;0;4598;5108;23031;6;Medellín;6;Medellín;99;5
297718296;2013;2030;0;1128;0;3158;161;155;0;0;316;NO; ; ; ; ;0;0;0;0;0;6502;0;0;0;6502;6502;10866;6;Medellín;6;Medellín;99;5
297826775;2013;0;0;0;0;0;169;0;0;0;169;NO; ; ; ; ;0;0;0;0;0;2434;0;0;0;2434;2434;2438;6;Medellín;6;Medellín;99;5
297839795;2013;980;650;480;0;2110;0;218;0;0;218;SI; ;b; ; ;0;292;0;0;292;0;45;0;0;45;337;0;6;Medellín;6;Medellín;99;5
297819166;2013;500;0;0;0;500;0;0;0;0;0;NO; ; ; ; ;0;0;0;0;0;3970;0;0;0;3970;3970;20199;1;Barranquilla;22;San Andrés;99;5
451499;2013;0;0;0;0;0;0;0;0;0;0;NO; ; ; ; ;0;0;0;0;0;53637;0;0;0;53637;53637;139556;6;Medellín;6;Medellín;99;5
452297;2013;0;0;4200;0;4200;0;386;0;0;386;SI; ; ; ;d;0;43876;26274;0;70150;0;0;0;0;0;70150;0;6;Medellín;6;Medellín;99;5
452330;2013;0;0;0;0;0;149;0;0;0;149;NO; ; ; ; ;0;0;0;0;0;5390;0;0;0;5390;5390;13479;6;Medellín;6;Medellín;99;5
297718304;2013;0;0;0;0;0;227;0;0;0;227;NO; ; ; ; ;0;0;0;0;0;9297;0;0;0;9297;9297;14150;6;Medellín;6;Medellín;99;5
297823386;2013;0;0;0;0;0;104;0;0;0;104;NO; ; ; ; ;0;0;0;0;0;4128;0;0;0;4128;4128;6357;6;Medellín;6;Medellín;99;5
297823000;2013;0;0;0;0;0;59;0;0;0;59;NO; ; ; ; ;0;0;0;0;0;5768;0;0;0;5768;5768;9408;6;Medellín;6;Medellín;99;5
297823579;2013;0;0;1500;0;1500;0;0;0;0;0;NO; ; ; ; ;0;0;0;0;0;0;4260;0;0;4260;4260;0;6;Medellín;6;Medellín;99;5
297823739;2013;0;0;0;0;0;112;0;0;0;112;NO; ; ; ; ;0;0;0;0;0;8980;0;0;0;8980;8980;12392;6;Medellín;6;Medellín;99;5
452170;2013;0;0;0;0;0;0;0;0;0;0;NO; ; ; ; ;0;0;0;0;0;0;12775;0;0;12775;12775;3190;6;Medellín;6;Medellín;99;5
452474;2013;0;0;0;0;0;0;0;0;0;0;NO; ; ; ; ;0;0;0;0;0;0;6281;0;0;6281;6281;0;6;Medellín;6;Medellín;99;5
297823404;2013;0;0;0;0;0;0;0;0;0;0;NO; ; ; ; ;0;0;0;0;0;0;0;2480;0;2480;2480;0;6;Medellín;6;Medellín;99;5
297718335;2013;0;0;0;0;0;404;0;0;0;404;NO; ; ; ; ;0;0;0;0;0;2201;0;0;0;2201;2201;0;6;Medellín;6;Medellín;99;5
411323;2013;0;0;0;0;0;0;0;0;0;0;NO; ; ; ; ;0;0;0;0;0;460530;0;0;0;460530;460530;0;6;Medellín;6;Medellín;99;5
443827;2013;0;0;0;0;0;295;0;0;0;295;NO; ; ; ; ;0;0;0;0;0;14610;0;0;0;14610;14610;23829;6;Medellín;6;Medellín;99;5
2506951;2013;0;0;0;0;0;217;0;0;0;217;NO; ; ; ; ;0;0;0;0;0;10171;0;0;0;10171;10171;16641;6;Medellín;6;Medellín;99;5
445470;2013;0;0;0;0;0;0;0;0;0;0;NO; ; ; ; ;0;0;0;0;0;0;10028;0;0;10028;10028;0;6;Medellín;6;Medellín;99;5
297823428;2013;0;0;0;0;0;0;0;0;0;0;NO; ; ; ; ;0;0;0;0;0;19970;0;0;0;19970;19970;400;6;Medellín;6;Medellín;99;5
297823893;2013;4200;4860;2500;0;11560;0;0;0;0;0;SI;a; ; ; ;0;4120;0;0;4120;0;0;0;0;0;4120;0;6;Medellín;6;Medellín;99;5
444270;2013;0;0;0;0;0;0;0;0;0;0;NO; ; ; ; ;0;0;0;0;0;5711;0;0;0;5711;5711;0;6;Medellín;6;Medellín;99;5
297839768;2013;0;329;450;0;779;0;0;0;0;0;SI; ; ; ;d;431;0;0;0;431;13483;0;0;0;13483;13914;34640;6;Medellín;6;Medellín;99;5
299303370;2013;0;0;0;0;0;0;0;0;0;0;NO; ; ; ; ;0;0;0;0;0;9;0;0;0;9;9;1072;6;Medellín;6;Medellín;99;5
10400085;2013;0;0;0;0;0;0;0;0;0;0;NO; ; ; ; ;0;0;0;0;0;4232;0;0;0;4232;4232;6902;6;Medellín;6;Medellín;99;5
451490;2013;0;130;0;0;130;147;0;0;0;147;SI;a; ; ; ;595;0;0;0;595;10054;0;0;0;10054;10649;6438;5;Manizales;7;Pereira;99;5
297839503;2013;2000;150;1500;1500;5150;350;150;0;0;500;SI; ;b; ; ;0;315;0;0;315;0;0;0;0;0;315;320;5;Manizales;7;Pereira;99;5
452201;2013;1746;240;1700;0;3686;0;0;0;0;0;SI; ; ;c; ;0;2487;0;0;2487;0;0;0;0;0;2487;0;5;Manizales;7;Pereira;99;5
297826921;2013;2000;5000;6000;0;13000;1725;0;0;0;1725;SI; ;b; ; ;27773;0;0;0;27773;0;0;0;0;0;27773;46381;5;Manizales;7;Pereira;99;5
297730463;2013;0;628;0;0;628;226;0;0;0;226;SI; ;b; ; ;822;0;0;0;822;2825;0;0;0;2825;3647;6084;5;Manizales;7;Pereira;99;5
297826808;2013;0;0;0;0;0;0;0;0;0;0;NO; ; ; ; ;0;0;0;0;0;3885;0;0;0;3885;3885;5905;5;Manizales;7;Pereira;99;5
444234;2013;0;0;0;0;0;264;0;0;0;264;NO; ; ; ; ;0;0;0;0;0;2400;0;0;0;2400;2400;5400;5;Manizales;7;Pereira;99;5
297822881;2013;0;0;0;0;0;1061;2802;0;0;3863;NO; ; ; ; ;0;0;0;0;0;1740;0;0;0;1740;1740;3863;5;Manizales;7;Pereira;99;5
442868;2013;0;0;0;0;0;604;0;0;0;604;NO; ; ; ; ;0;0;0;0;0;6580;0;0;0;6580;6580;3120;4;Cali;14;Pasto;99;5
452303;2013;49824;1800;3662;0;55286;664;368;0;0;1032;SI; ; ;c; ;0;61322;0;0;61322;0;0;0;0;0;61322;0;5;Manizales;7;Pereira;99;5
455706;2013;550;2092;50;0;2692;405;28;0;0;433;SI; ; ;c; ;1334;0;0;0;1334;5021;0;0;0;5021;6355;3444;5;Manizales;8;Armenia;99;5
297826721;2013;0;0;5244;0;5244;0;13;0;0;13;SI; ; ;c; ;0;4620;0;0;4620;0;0;0;0;0;4620;610;5;Manizales;8;Armenia;99;5
297826981;2013;0;6520;11310;0;17830;487;0;0;0;487;SI; ; ;c; ;0;23948;0;0;23948;0;0;1529;0;1529;25477;0;5;Manizales;8;Armenia;99;5
455775;2013;0;0;682;350;1032;189;103;0;0;292;NO; ; ; ; ;0;0;0;0;0;3801;0;0;0;3801;3801;2220;5;Manizales;8;Armenia;99;5
298581;2013;0;1080;616;0;1696;0;0;0;0;0;SI; ; ;c; ;0;0;3468;0;3468;0;0;730;0;730;4198;0;5;Manizales;8;Armenia;99;5
297826797;2013;0;0;0;0;0;2814;0;0;0;2814;NO; ; ; ; ;0;0;0;0;0;78525;0;0;0;78525;78525;157906;1;Barranquilla;9;Cartagena;99;5
297827001;2013;0;0;0;0;0;2602;0;0;0;2602;NO; ; ; ; ;0;0;0;0;0;72482;0;0;0;72482;72482;150763;1;Barranquilla;9;Cartagena;99;5
9815993;2013;0;42000;36000;0;78000;0;0;0;0;0;SI; ; ;c; ;0;0;135874;0;135874;0;0;0;0;0;135874;0;1;Barranquilla;16;Santa Marta;99;5
9815995;2013;0;24192;92363;0;116555;0;0;0;0;0;SI; ; ; ;d;0;0;40102;0;40102;0;0;0;0;0;40102;0;1;Barranquilla;22;San Andrés;99;5
296914001;2013;0;50000;2620;0;52620;0;0;0;0;0;SI; ;b; ; ;0;0;180412;0;180412;0;0;0;0;0;180412;113215;1;Barranquilla;9;Cartagena;99;5
296914050;2013;0;13395;59268;0;72663;0;0;0;0;0;SI; ; ; ;d;0;0;43180;0;43180;0;0;0;0;0;43180;0;1;Barranquilla;22;San Andrés;99;5
297826809;2013;0;5177;5177;10000;20354;4500;4500;0;0;9000;SI; ;b; ; ;23517;0;0;0;23517;94068;0;0;0;94068;117585;243241;1;Barranquilla;9;Cartagena;99;5
297826810;2013;0;0;0;1000;1000;1513;0;0;0;1513;NO; ; ; ; ;0;0;0;0;0;42159;0;0;0;42159;42159;87690;1;Barranquilla;9;Cartagena;99;5
299303286;2013;0;0;0;0;0;212;0;0;0;212;NO; ; ; ; ;0;0;0;0;0;5912;0;0;0;5912;5912;12298;1;Barranquilla;9;Cartagena;99;5
297826876;2013;0;0;0;0;0;2858;0;0;0;2858;NO; ; ; ; ;0;0;0;0;0;80398;0;0;0;80398;80398;165609;1;Barranquilla;9;Cartagena;99;5
297826879;2013;0;0;0;0;0;7238;0;0;0;7238;NO; ; ; ; ;0;0;0;0;0;201607;0;0;0;201607;201607;419343;1;Barranquilla;9;Cartagena;99;5
296886257;2013;0;0;0;0;0;3088;0;0;0;3088;NO; ; ; ; ;0;0;0;0;0;86033;0;0;0;86033;86033;170056;1;Barranquilla;9;Cartagena;99;5
297827968;2013;0;0;0;0;0;4458;0;0;0;4458;NO; ; ; ; ;0;0;0;0;0;124178;0;0;0;124178;124178;256804;1;Barranquilla;9;Cartagena;99;5
296886212;2013;0;0;0;0;0;0;0;0;0;0;NO; ; ; ; ;0;0;0;0;0;0;0;3730;0;3730;3730;150;1;Barranquilla;9;Cartagena;99;5
297826719;2013;0;0;0;0;0;0;0;0;0;0;NO; ; ; ; ;0;0;0;0;0;0;0;1994;0;1994;1994;0;1;Barranquilla;9;Cartagena;99;5
297718273;2013;0;0;0;0;0;192;0;0;0;192;NO; ; ; ; ;0;0;0;0;0;5350;0;0;0;5350;5350;11128;1;Barranquilla;9;Cartagena;99;5
297826971;2013;0;0;0;0;0;79;0;0;0;79;NO; ; ; ; ;0;0;0;0;0;2205;0;0;0;2205;2205;4586;1;Barranquilla;9;Cartagena;99;5
297826877;2013;0;0;0;0;0;230;0;0;0;230;NO; ; ; ; ;0;0;0;0;0;6421;0;0;0;6421;6421;13347;1;Barranquilla;9;Cartagena;99;5
441879;2013;0;0;0;0;0;118;0;0;0;118;NO; ; ; ; ;0;0;0;0;0;3310;0;0;0;3310;3310;6885;1;Barranquilla;9;Cartagena;99;5
312167;2013;0;0;2200;0;2200;69;0;0;0;69;NO; ; ; ; ;0;0;0;0;0;1927;0;0;0;1927;1927;4009;1;Barranquilla;9;Cartagena;99;5
9816010;2013;0;0;0;0;0;137;137;0;0;274;NO; ; ; ; ;0;0;0;0;0;3823;0;0;0;3823;3823;7953;1;Barranquilla;9;Cartagena;99;5
374311;2013;0;0;0;0;0;278;0;0;0;278;NO; ; ; ; ;0;0;0;0;0;7740;0;0;0;7740;7740;16099;1;Barranquilla;9;Cartagena;99;5
297718327;2013;0;3800;1000;0;4800;844;0;0;0;844;SI; ; ;c; ;2830;0;0;0;2830;20687;0;0;0;20687;23517;48915;1;Barranquilla;9;Cartagena;99;5
297820391;2013;0;0;0;0;0;1118;0;0;0;1118;NO; ; ; ; ;0;0;0;0;0;31153;0;0;0;31153;31153;68987;1;Barranquilla;9;Cartagena;99;5
297818576;2013;0;0;0;0;0;2329;0;0;0;2329;NO; ; ; ; ;0;0;0;0;0;64901;0;0;0;64901;64901;135007;1;Barranquilla;9;Cartagena;99;5
299303292;2013;0;0;0;0;0;34;0;0;0;34;NO; ; ; ; ;0;0;0;0;0;941;0;0;0;941;941;1957;1;Barranquilla;9;Cartagena;99;5
299303278;2013;0;0;0;0;0;0;0;0;0;0;NO; ; ; ; ;0;0;0;0;0;0;0;9660;0;9660;9660;1380;1;Barranquilla;9;Cartagena;99;5
452424;2013;0;0;0;0;0;674;0;0;0;674;NO; ; ; ; ;0;0;0;0;0;18996;0;0;0;18996;18996;40936;1;Barranquilla;9;Cartagena;99;5
441848;2013;0;0;0;0;0;611;0;0;0;611;NO; ; ; ; ;0;0;0;0;0;17037;0;0;0;17037;17037;34030;1;Barranquilla;9;Cartagena;99;5
394535;2013;0;0;0;0;0;319;0;0;0;319;NO; ; ; ; ;0;0;0;0;0;8889;0;0;0;8889;8889;18491;1;Barranquilla;9;Cartagena;99;5
409328;2013;0;0;0;0;0;44;0;0;0;44;NO; ; ; ; ;0;0;0;0;0;1244;0;0;0;1244;1244;2588;1;Barranquilla;9;Cartagena;99;5
441881;2013;0;0;0;0;0;137;0;0;0;137;NO; ; ; ; ;0;0;0;0;0;3834;0;0;0;3834;3834;7976;1;Barranquilla;9;Cartagena;99;5
297822760;2013;0;0;0;0;0;143;0;0;0;143;NO; ; ; ; ;0;0;0;0;0;4004;0;0;0;4004;4004;8329;1;Barranquilla;9;Cartagena;99;5
9798639;2013;0;0;0;0;0;248;0;0;0;248;NO; ; ; ; ;0;0;0;0;0;6931;0;0;0;6931;6931;14416;1;Barranquilla;9;Cartagena;99;5
406282;2013;0;0;0;0;0;290;0;0;0;290;NO; ; ; ; ;0;0;0;0;0;8082;0;0;0;8082;8082;16812;1;Barranquilla;9;Cartagena;99;5
441855;2013;0;0;0;0;0;196;0;0;0;196;NO; ; ; ; ;0;0;0;0;0;5469;0;0;0;5469;5469;11376;1;Barranquilla;9;Cartagena;99;5
299304552;2013;0;0;0;0;0;237;0;0;0;237;NO; ; ; ; ;0;0;0;0;0;6613;0;0;0;6613;6613;13756;1;Barranquilla;9;Cartagena;99;5
297826740;2013;0;0;0;0;0;887;0;0;0;887;NO; ; ; ; ;0;0;0;0;0;15595;0;0;0;15595;15595;13677;3;Bucaramanga;10;Cúcuta;99;5
297826883;2013;0;0;0;0;0;1496;0;0;0;1496;NO; ; ; ; ;0;0;0;0;0;31072;0;0;0;31072;31072;26300;3;Bucaramanga;10;Cúcuta;99;5
297826884;2013;0;0;0;0;0;579;0;0;0;579;NO; ; ; ; ;0;0;0;0;0;21022;0;0;0;21022;21022;8917;3;Bucaramanga;10;Cúcuta;99;5
297826885;2013;0;0;0;0;0;246;0;0;0;246;NO; ; ; ; ;0;0;0;0;0;4319;0;0;0;4319;4319;3784;3;Bucaramanga;10;Cúcuta;99;5
297826901;2013;0;0;0;0;0;678;0;0;0;678;NO; ; ; ; ;0;0;0;0;0;17318;0;0;0;17318;17318;10456;3;Bucaramanga;10;Cúcuta;99;5
297826747;2013;0;0;0;0;0;142;0;0;0;142;NO; ; ; ; ;0;0;0;0;0;2493;0;0;0;2493;2493;3480;3;Bucaramanga;10;Cúcuta;99;5
452108;2013;0;0;0;0;0;0;0;0;0;0;SI;a; ; ; ;3020;0;0;0;3020;53458;0;0;0;53458;56478;38587;5;Manizales;11;Ibagué;99;5
297826829;2013;0;0;1300;0;1300;104;0;0;0;104;SI;a; ; ; ;350432;0;0;0;350432;1956;0;0;0;1956;352388;1161;5;Manizales;11;Ibagué;99;5
297818881;2013;0;0;0;0;0;364;0;0;0;364;NO; ; ; ; ;0;0;0;0;0;7009;0;0;0;7009;7009;3972;5;Manizales;11;Ibagué;99;5
296914042;2013;0;0;0;0;0;0;0;0;0;0;NO; ; ; ; ;0;0;0;0;0;83000;0;0;0;83000;83000;4253;2;Bogotá;2;Bogotá;99;5
297826886;2013;0;0;0;0;0;0;0;0;0;0;NO; ; ; ; ;0;0;0;0;0;18307;0;0;0;18307;18307;13364;5;Manizales;11;Ibagué;99;5
452553;2013;0;0;0;0;0;0;0;0;0;0;NO; ; ; ; ;0;0;0;0;0;15969;0;0;0;15969;15969;11657;5;Manizales;11;Ibagué;99;5
297826772;2013;0;0;0;0;0;305;0;0;0;305;NO; ; ; ; ;0;0;0;0;0;5800;0;0;0;5800;5800;2853;5;Manizales;11;Ibagué;99;5
297826673;2013;0;0;0;0;0;166;0;0;0;166;NO; ; ; ; ;0;0;0;0;0;3746;0;0;0;3746;3746;1850;5;Manizales;11;Ibagué;99;5
297718320;2013;0;1000;0;0;1000;0;0;0;0;0;SI;a; ; ; ;363;0;0;0;363;3271;0;0;0;3271;3634;803;2;Bogotá;2;Bogotá;99;5
299303282;2013;0;0;0;0;0;140;0;0;0;140;NO; ; ; ; ;0;0;0;0;0;3139;0;0;0;3139;3139;1538;5;Manizales;11;Ibagué;99;5
297826947;2013;0;0;2500;100;2600;502;0;0;0;502;SI;a; ; ; ;900;0;0;0;900;11495;0;0;0;11495;12395;5436;5;Manizales;11;Ibagué;99;5
2959356;2013;0;28556;27102;0;55658;0;0;0;0;0;SI; ;b; ; ;457191;0;0;0;457191;0;0;0;0;0;457191;0;5;Manizales;11;Ibagué;99;5
296914033;2013;0;14278;23551;0;37829;1453;0;0;0;1453;SI; ;b; ; ;138242;0;0;0;138242;0;0;0;0;0;138242;72201;5;Manizales;11;Ibagué;99;5
297839488;2013;0;4759;7850;0;12609;0;48824;0;0;48824;SI; ;b; ; ;69121;0;0;0;69121;0;0;0;0;0;69121;0;5;Manizales;11;Ibagué;99;5
297822615;2013;1000;3000;3500;1500;9000;1800;1400;0;0;3200;SI; ;b; ; ;17150;0;0;0;17150;0;0;0;0;0;17150;0;5;Manizales;11;Ibagué;99;5
297826644;2013;0;0;0;0;0;1006;0;0;0;1006;NO; ; ; ; ;0;0;0;0;0;1528;0;0;0;1528;1528;2035;6;Medellín;12;Monteria;99;5
297826972;2013;0;0;0;0;0;2115;0;0;0;2115;NO; ; ; ; ;0;0;0;0;0;7184;0;0;0;7184;7184;7750;2;Bogotá;13;Neiva;99;5
377622;2013;0;0;0;0;0;16;0;0;0;16;NO; ; ; ; ;0;0;0;0;0;15804;0;0;0;15804;15804;14429;2;Bogotá;13;Neiva;99;5
297826505;2013;0;0;0;0;0;136;0;0;0;136;NO; ; ; ; ;0;0;0;0;0;2283;0;0;0;2283;2283;2374;2;Bogotá;13;Neiva;99;5
297826918;2013;0;0;0;0;0;159;0;0;0;159;NO; ; ; ; ;0;0;0;0;0;2981;0;0;0;2981;2981;2951;2;Bogotá;13;Neiva;99;5
297826954;2013;0;0;0;0;0;455;0;0;0;455;NO; ; ; ; ;0;0;0;0;0;8664;0;0;0;8664;8664;8520;2;Bogotá;13;Neiva;99;5
458176;2013;0;0;0;0;0;24;0;0;0;24;NO; ; ; ; ;0;0;0;0;0;7450;0;0;0;7450;7450;45;2;Bogotá;13;Neiva;99;5
444031;2013;350;325;530;1500;2705;0;0;0;0;0;SI;a; ; ; ;0;10665;0;0;10665;0;60435;0;0;60435;71100;0;2;Bogotá;13;Neiva;99;5
299303377;2013;0;0;0;0;0;443;0;0;0;443;NO; ; ; ; ;0;0;0;0;0;4168;0;0;0;4168;4168;6750;2;Bogotá;13;Neiva;99;5
377732;2013;0;0;0;0;0;0;0;0;0;0;NO; ; ; ; ;0;0;0;0;0;0;0;1176;0;1176;1176;0;4;Cali;14;Pasto;99;5
297839490;2013;0;0;0;0;0;569;0;0;0;569;NO; ; ; ; ;0;0;0;0;0;6192;0;0;0;6192;6192;5215;4;Cali;14;Pasto;99;5
299303258;2013;0;0;0;0;0;22;0;0;0;22;NO; ; ; ; ;0;0;0;0;0;8050;0;0;0;8050;8050;5125;4;Cali;14;Pasto;99;5
297826853;2013;0;0;0;0;0;467;0;0;0;467;NO; ; ; ; ;0;0;0;0;0;5272;0;0;0;5272;5272;4675;4;Cali;14;Pasto;99;5
296886267;2013;0;0;0;0;0;32;0;0;0;32;NO; ; ; ; ;0;0;0;0;0;10957;0;0;0;10957;10957;3636;4;Cali;14;Pasto;99;5
297838027;2013;0;0;700;0;700;242;0;0;0;242;NO; ; ; ; ;0;0;0;0;0;2642;0;0;0;2642;2642;2960;4;Cali;14;Pasto;99;5
297820038;2013;0;0;0;0;0;0;0;0;0;0;NO; ; ; ; ;0;0;0;0;0;1189;0;0;0;1189;1189;298;4;Cali;14;Pasto;99;5
297823966;2013;0;0;0;0;0;0;0;0;0;0;NO; ; ; ; ;0;0;0;0;0;1869;0;0;0;1869;1869;437;4;Cali;14;Pasto;99;5
443904;2013;0;0;0;0;0;12;0;0;0;12;NO; ; ; ; ;0;0;0;0;0;1800;0;0;0;1800;1800;146;4;Cali;14;Pasto;99;5
452007;2013;0;0;0;0;0;16;0;0;0;16;NO; ; ; ; ;0;0;0;0;0;624;0;0;0;624;624;97;4;Cali;14;Pasto;99;5
297822291;2013;0;0;0;0;0;0;0;0;0;0;NO; ; ; ; ;0;0;0;0;0;890;0;0;0;890;890;119;4;Cali;14;Pasto;99;5
299303277;2013;0;0;0;0;0;0;0;0;0;0;NO; ; ; ; ;0;0;0;0;0;720;0;0;0;720;720;102;4;Cali;14;Pasto;99;5
190072;2013;0;0;0;0;0;0;0;0;0;0;NO; ; ; ; ;0;0;0;0;0;2232;0;0;0;2232;2232;172;4;Cali;14;Pasto;99;5
299304532;2013;0;0;0;0;0;0;0;0;0;0;NO; ; ; ; ;0;0;0;0;0;481;0;0;0;481;481;51;4;Cali;14;Pasto;99;5
297819287;2013;0;0;0;0;0;0;0;0;0;0;NO; ; ; ; ;0;0;0;0;0;696;0;0;0;696;696;131;4;Cali;14;Pasto;99;5
297820340;2013;0;0;0;0;0;0;0;0;0;0;NO; ; ; ; ;0;0;0;0;0;0;434;0;0;434;434;0;4;Cali;14;Pasto;99;5
297820632;2013;0;0;0;0;0;0;0;0;0;0;NO; ; ; ; ;0;0;0;0;0;560;0;0;0;560;560;315;4;Cali;14;Pasto;99;5
299303280;2013;0;0;0;0;0;0;0;0;0;0;NO; ; ; ; ;0;0;0;0;0;444;0;0;0;444;444;158;4;Cali;14;Pasto;99;5
297826952;2013;0;0;0;0;0;208;0;0;0;208;NO; ; ; ; ;0;0;0;0;0;3371;0;0;0;3371;3371;2771;4;Cali;15;Popayán;99;5
296886217;2013;0;0;0;0;0;147;0;0;0;147;NO; ; ; ; ;0;0;0;0;0;4920;0;0;0;4920;4920;8200;1;Barranquilla;16;Santa Marta;99;5
297826801;2013;60000;10000;5000;40000;115000;0;0;0;0;0;SI; ; ; ;d;0;0;150000;0;150000;0;0;0;0;0;150000;0;1;Barranquilla;16;Santa Marta;99;5
297826802;2013;0;250;0;0;250;0;0;0;0;0;SI; ;b; ; ;0;0;4488;0;4488;0;0;0;0;0;4488;0;1;Barranquilla;16;Santa Marta;99;5
297826803;2013;0;0;0;0;0;0;0;0;0;0;SI;a; ; ; ;10080;0;0;0;10080;0;0;0;0;0;10080;11212;1;Barranquilla;16;Santa Marta;99;5
297838055;2013;0;3358;7800;0;11158;0;0;0;0;0;SI; ; ; ;d;0;0;180037;0;180037;0;0;0;0;0;180037;0;1;Barranquilla;16;Santa Marta;99;5
9816056;2013;0;0;0;0;0;847;0;0;0;847;NO; ; ; ; ;0;0;0;0;0;23764;0;0;0;23764;23764;20603;1;Barranquilla;16;Santa Marta;99;5
9816058;2013;0;0;0;0;0;1770;641;0;0;2411;NO; ; ; ; ;0;0;0;0;0;6344;0;0;0;6344;6344;10882;1;Barranquilla;16;Santa Marta;99;5
297826804;2013;0;0;0;0;0;403;0;0;0;403;NO; ; ; ; ;0;0;0;0;0;9382;0;0;0;9382;9382;16078;1;Barranquilla;16;Santa Marta;99;5
441237;2013;0;0;0;0;0;0;0;0;0;0;NO; ; ; ; ;0;0;0;0;0;6677;0;0;0;6677;6677;10651;1;Barranquilla;16;Santa Marta;99;5
441867;2013;0;0;6600;0;6600;0;0;0;0;0;SI;a; ; ; ;0;0;0;7200;7200;0;0;0;0;0;7200;0;1;Barranquilla;16;Santa Marta;99;5
299303290;2013;0;0;0;0;0;204;0;0;0;204;NO; ; ; ; ;0;0;0;0;0;7334;0;0;0;7334;7334;12616;1;Barranquilla;16;Santa Marta;99;5
297826653;2013;30000;14400;6000;0;50400;0;0;0;0;0;SI; ;b; ; ;0;0;18405;0;18405;0;0;0;0;0;18405;0;1;Barranquilla;16;Santa Marta;99;5
412206;2013;0;0;0;0;0;61;0;0;0;61;NO; ; ; ; ;0;0;0;0;0;4116;0;0;0;4116;4116;4135;1;Barranquilla;16;Santa Marta;99;5
297839770;2013;0;0;8000;0;8000;0;0;0;0;0;SI;a; ; ; ;0;0;35721;0;35721;0;0;0;0;0;35721;0;1;Barranquilla;16;Santa Marta;99;5
297823689;2013;0;0;1540;750;2290;0;0;0;0;0;SI; ;b; ; ;0;0;7718;0;7718;0;0;2573;0;2573;10291;9872;1;Barranquilla;16;Santa Marta;99;5
378399;2013;0;0;1000;10000;11000;1330;0;0;0;1330;SI; ; ;c; ;3031;0;0;0;3031;38971;0;0;0;38971;42002;11800;2;Bogotá;17;Tunja;99;5
296886273;2013;0;1500;0;0;1500;0;1010;0;0;1010;SI; ; ; ;d;0;57508;0;0;57508;0;38809;0;0;38809;96317;0;2;Bogotá;17;Tunja;99;5
452209;2013;0;0;0;0;0;0;0;0;0;0;NO; ; ; ; ;0;0;0;0;0;11087;0;0;0;11087;11087;9978;2;Bogotá;17;Tunja;99;5
297839496;2013;0;0;0;0;0;0;2229;0;0;2229;NO; ; ; ; ;0;0;0;0;0;0;0;24240;0;24240;24240;0;2;Bogotá;17;Tunja;99;5
297827967;2013;0;0;0;0;0;0;0;0;0;0;NO; ; ; ; ;0;0;0;0;0;26120;0;0;0;26120;26120;3813;2;Bogotá;17;Tunja;99;5
297827223;2013;0;0;0;0;0;3370;0;0;0;3370;NO; ; ; ; ;0;0;0;0;0;5039;0;0;0;5039;5039;3370;2;Bogotá;17;Tunja;99;5
452242;2013;0;1000;2000;0;3000;0;0;0;0;0;SI; ; ;c; ;0;0;18444;0;18444;0;0;0;0;0;18444;0;2;Bogotá;17;Tunja;99;5
297826805;2013;0;0;0;0;0;784;0;0;0;784;NO; ; ; ; ;0;0;0;0;0;13304;0;0;0;13304;13304;3058;2;Bogotá;18;Villavicencio;99;5
297718278;2013;0;0;0;0;0;684;0;0;0;684;NO; ; ; ; ;0;0;0;0;0;5128;0;0;0;5128;5128;7617;2;Bogotá;18;Villavicencio;99;5
297826874;2013;0;0;0;0;0;1444;0;0;0;1444;NO; ; ; ; ;0;0;0;0;0;13997;0;0;0;13997;13997;13297;2;Bogotá;18;Villavicencio;99;5
297826880;2013;8500;0;7450;0;15950;1250;4530;0;0;5780;SI;a; ; ; ;694;0;0;0;694;4975;0;0;0;4975;5669;7081;2;Bogotá;18;Villavicencio;99;5
419955;2013;0;0;0;0;0;46;0;0;0;46;NO; ; ; ; ;0;0;0;0;0;892;0;0;0;892;892;1406;2;Bogotá;18;Villavicencio;99;5
297717022;2013;0;0;0;0;0;0;0;0;0;0;SI;a; ; ; ;0;12500;0;0;12500;0;0;0;0;0;12500;0;2;Bogotá;18;Villavicencio;99;5
359228;2013;0;2500;1500;0;4000;0;0;0;0;0;SI;a; ; ; ;0;159144;0;0;159144;0;0;0;0;0;159144;0;2;Bogotá;2;Bogotá;99;5
297827893;2013;0;0;0;0;0;0;0;0;0;0;NO; ; ; ; ;0;0;0;0;0;3987;0;0;0;3987;3987;4013;2;Bogotá;18;Villavicencio;99;5
451486;2013;0;0;0;0;0;0;0;0;0;0;NO; ; ; ; ;0;0;0;0;0;0;0;1600;0;1600;1600;0;2;Bogotá;18;Villavicencio;99;5
416445;2013;45000;1000;6000;2000;54000;0;0;0;0;0;SI; ;b; ; ;0;0;12614;0;12614;0;0;0;0;0;12614;0;2;Bogotá;18;Villavicencio;99;5
297822935;2013;0;0;0;0;0;218;0;0;0;218;NO; ; ; ; ;0;0;0;0;0;3579;0;0;0;3579;3579;3766;2;Bogotá;18;Villavicencio;99;5
452022;2013;0;0;0;0;0;0;0;0;0;0;SI; ;b; ; ;0;0;3800;0;3800;0;0;0;0;0;3800;0;2;Bogotá;18;Villavicencio;99;5
297827069;2013;0;0;0;0;0;0;0;0;0;0;NO; ; ; ; ;0;0;0;0;0;1439;0;0;0;1439;1439;1297;2;Bogotá;18;Villavicencio;99;5
445035;2013;0;0;0;0;0;0;0;0;0;0;NO; ; ; ; ;0;0;0;0;0;4758;0;0;0;4758;4758;3980;2;Bogotá;18;Villavicencio;99;5
297824171;2013;0;0;0;0;0;0;0;0;0;0;NO; ; ; ; ;0;0;0;0;0;130;0;0;0;130;130;192;2;Bogotá;18;Villavicencio;99;5
297819819;2013;0;0;0;0;0;0;0;0;0;0;NO; ; ; ; ;0;0;0;0;0;1516;0;0;0;1516;1516;896;2;Bogotá;18;Villavicencio;99;5
119269;2013;0;0;0;0;0;0;0;0;0;0;NO; ; ; ; ;0;0;0;0;0;1220;0;0;0;1220;1220;1210;2;Bogotá;85;Yopal;99;5
297822942;2013;0;0;0;0;0;0;0;0;0;0;NO; ; ; ; ;0;0;0;0;0;824;0;0;0;824;824;820;2;Bogotá;85;Yopal;99;5
451546;2013;0;0;0;0;0;0;0;0;0;0;NO; ; ; ; ;0;0;0;0;0;4517;0;0;0;4517;4517;1619;2;Bogotá;85;Yopal;99;5
451479;2013;0;0;0;0;0;0;0;0;0;0;NO; ; ; ; ;0;0;0;0;0;767;0;0;0;767;767;283;2;Bogotá;85;Yopal;99;5
451823;2013;0;0;0;0;0;0;0;0;0;0;NO; ; ; ; ;0;0;0;0;0;387;0;0;0;387;387;146;2;Bogotá;85;Yopal;99;5
297818782;2013;0;0;0;0;0;0;0;0;0;0;NO; ; ; ; ;0;0;0;0;0;535;0;0;0;535;535;312;2;Bogotá;85;Yopal;99;5
297821835;2013;0;0;0;0;0;0;0;0;0;0;NO; ; ; ; ;0;0;0;0;0;1710;0;0;0;1710;1710;757;2;Bogotá;85;Yopal;99;5
297822565;2013;0;0;0;0;0;0;0;0;0;0;NO; ; ; ; ;0;0;0;0;0;1608;0;0;0;1608;1608;705;2;Bogotá;85;Yopal;99;5
297826938;2013;0;0;0;0;0;0;0;0;0;0;NO; ; ; ; ;0;0;0;0;0;694;0;0;0;694;694;385;2;Bogotá;85;Yopal;99;5
297819575;2013;0;0;0;0;0;0;0;0;0;0;NO; ; ; ; ;0;0;0;0;0;711;0;0;0;711;711;335;2;Bogotá;85;Yopal;99;5
297820273;2013;0;0;0;0;0;0;0;0;0;0;NO; ; ; ; ;0;0;0;0;0;570;0;0;0;570;570;395;2;Bogotá;85;Yopal;99;5
297825550;2013;0;0;0;0;0;0;0;0;0;0;NO; ; ; ; ;0;0;0;0;0;839;0;0;0;839;839;0;2;Bogotá;85;Yopal;99;5
299303279;2013;0;0;0;0;0;0;0;0;0;0;NO; ; ; ; ;0;0;0;0;0;1285;0;0;0;1285;1285;573;2;Bogotá;85;Yopal;99;5
297837540;2013;0;0;0;0;0;0;0;0;0;0;NO; ; ; ; ;0;0;0;0;0;1278;0;0;0;1278;1278;986;2;Bogotá;85;Yopal;99;5
297823050;2013;0;0;0;0;0;0;0;0;0;0;NO; ; ; ; ;0;0;0;0;0;1072;0;0;0;1072;1072;1141;2;Bogotá;85;Yopal;99;5
297823808;2013;0;0;0;0;0;0;0;0;0;0;NO; ; ; ; ;0;0;0;0;0;273;0;0;0;273;273;319;2;Bogotá;85;Yopal;99;5
445605;2013;0;0;0;0;0;0;0;0;0;0;NO; ; ; ; ;0;0;0;0;0;1370;0;0;0;1370;1370;674;2;Bogotá;85;Yopal;99;5
297834039;2013;0;0;0;0;0;0;0;0;0;0;NO; ; ; ; ;0;0;0;0;0;2850;0;0;0;2850;2850;720;2;Bogotá;18;Villavicencio;99;5
451473;2013;0;0;0;0;0;0;0;0;0;0;NO; ; ; ; ;0;0;0;0;0;1236;0;0;0;1236;1236;772;2;Bogotá;18;Villavicencio;99;5
297822619;2013;0;0;0;0;0;0;0;0;0;0;NO; ; ; ; ;0;0;0;0;0;658;0;0;0;658;658;170;2;Bogotá;18;Villavicencio;99;5
111989;2013;0;0;0;0;0;0;0;0;0;0;NO; ; ; ; ;0;0;0;0;0;3112;0;0;0;3112;3112;1521;2;Bogotá;18;Villavicencio;99;5
442454;2013;0;0;0;0;0;0;0;0;0;0;NO; ; ; ; ;0;0;0;0;0;172;0;0;0;172;172;76;2;Bogotá;18;Villavicencio;99;5
446361;2013;0;0;0;0;0;0;0;0;0;0;NO; ; ; ; ;0;0;0;0;0;928;0;0;0;928;928;60;2;Bogotá;18;Villavicencio;99;5
445797;2013;0;0;0;0;0;0;0;0;0;0;NO; ; ; ; ;0;0;0;0;0;357;0;0;0;357;357;221;2;Bogotá;18;Villavicencio;99;5
442347;2013;0;0;0;0;0;0;0;0;0;0;NO; ; ; ; ;0;0;0;0;0;285;0;0;0;285;285;98;2;Bogotá;18;Villavicencio;99;5
297821837;2013;0;0;0;0;0;0;0;0;0;0;NO; ; ; ; ;0;0;0;0;0;1156;0;0;0;1156;1156;610;2;Bogotá;18;Villavicencio;99;5
451828;2013;0;0;0;0;0;0;0;0;0;0;NO; ; ; ; ;0;0;0;0;0;1320;0;0;0;1320;1320;204;2;Bogotá;18;Villavicencio;99;5
297820211;2013;0;0;0;0;0;0;0;0;0;0;NO; ; ; ; ;0;0;0;0;0;188;0;0;0;188;188;192;2;Bogotá;18;Villavicencio;99;5
297824064;2013;0;0;0;0;0;0;0;0;0;0;SI; ;b; ; ;1360;0;0;0;1360;240;0;0;0;240;1600;226;2;Bogotá;17;Tunja;99;5
297824422;2013;0;0;0;0;0;0;0;0;0;0;NO; ; ; ; ;0;0;0;0;0;430;0;0;0;430;430;298;2;Bogotá;18;Villavicencio;99;5
172844;2013;0;0;0;0;0;0;0;0;0;0;NO; ; ; ; ;0;0;0;0;0;595;0;0;0;595;595;30;2;Bogotá;18;Villavicencio;99;5
297820051;2013;0;0;0;0;0;0;0;0;0;0;NO; ; ; ; ;0;0;0;0;0;4632;0;0;0;4632;4632;949;2;Bogotá;18;Villavicencio;99;5
446231;2013;0;0;0;0;0;0;0;0;0;0;NO; ; ; ; ;0;0;0;0;0;2652;0;0;0;2652;2652;2827;2;Bogotá;18;Villavicencio;99;5
445004;2013;0;0;0;0;0;0;0;0;0;0;NO; ; ; ; ;0;0;0;0;0;1440;0;0;0;1440;1440;649;2;Bogotá;18;Villavicencio;99;5
297821149;2013;0;0;0;0;0;0;0;0;0;0;SI;a; ; ; ;0;0;196;0;196;0;0;0;0;0;196;0;2;Bogotá;18;Villavicencio;99;5
297824008;2013;0;0;0;0;0;0;0;0;0;0;NO; ; ; ; ;0;0;0;0;0;530;0;0;0;530;530;343;2;Bogotá;18;Villavicencio;99;5
299303288;2013;0;0;0;0;0;0;0;0;0;0;NO; ; ; ; ;0;0;0;0;0;435;0;0;0;435;435;605;1;Barranquilla;21;Riohacha;99;5
444209;2013;2010;30;170;0;2210;1808;276;0;0;2084;SI;a; ; ; ;778;0;0;0;778;10;0;0;0;10;788;935;1;Barranquilla;21;Riohacha;99;5
297827496;2013;0;0;0;0;0;0;0;0;0;0;SI; ;b; ; ;0;6473;0;0;6473;0;0;0;0;0;6473;0;1;Barranquilla;21;Riohacha;99;5
9815982;2013;800;500;2970;0;4270;0;0;0;0;0;SI; ; ; ;d;0;0;34263;0;34263;0;0;0;0;0;34263;0;1;Barranquilla;22;San Andrés;99;5
296913989;2013;2680;0;0;0;2680;42;0;0;0;42;NO; ; ; ; ;0;0;0;0;0;51130;0;0;0;51130;51130;203397;1;Barranquilla;22;San Andrés;99;5
296913990;2013;0;0;0;0;0;0;0;0;0;0;NO; ; ; ; ;0;0;0;0;0;9054;0;0;0;9054;9054;9800;1;Barranquilla;22;San Andrés;99;5
297718663;2013;580;0;0;0;580;58;0;0;0;58;NO; ; ; ; ;0;0;0;0;0;8700;0;0;0;8700;8700;3480;1;Barranquilla;22;San Andrés;99;5
297730498;2013;3800;0;900;0;4700;0;300;0;0;300;SI; ; ; ;d;0;0;0;430;430;0;0;122;0;122;552;7200;1;Barranquilla;22;San Andrés;99;5
297826665;2013;0;0;200;0;200;0;0;0;0;0;NO; ; ; ; ;0;0;0;0;0;10478;0;0;0;10478;10478;44567;1;Barranquilla;22;San Andrés;99;5
74973;2013;0;0;0;0;0;0;0;0;0;0;NO; ; ; ; ;0;0;0;0;0;11856;0;0;0;11856;11856;48925;1;Barranquilla;22;San Andrés;99;5
457976;2013;0;0;0;0;0;0;0;0;0;0;NO; ; ; ; ;0;0;0;0;0;9127;0;0;0;9127;9127;8993;6;Medellín;12;Monteria;99;5
9816029;2013;0;0;0;0;0;0;0;0;0;0;NO; ; ; ; ;0;0;0;0;0;12204;0;0;0;12204;12204;33840;1;Barranquilla;22;San Andrés;99;5
296914091;2013;0;0;9900;0;9900;0;0;0;0;0;NO; ; ; ; ;0;0;0;0;0;11969;0;0;0;11969;11969;72591;1;Barranquilla;22;San Andrés;99;5
297730513;2013;0;0;0;0;0;0;0;0;0;0;NO; ; ; ; ;0;0;0;0;0;38324;0;0;0;38324;38324;37548;1;Barranquilla;22;San Andrés;99;5
297730514;2013;0;0;0;0;0;0;0;0;0;0;NO; ; ; ; ;0;0;0;0;0;14996;0;0;0;14996;14996;46961;1;Barranquilla;22;San Andrés;99;5
297730681;2013;1002;3870;2800;3800;11472;0;0;0;0;0;SI; ;b; ; ;0;0;24960;0;24960;0;0;0;0;0;24960;0;1;Barranquilla;22;San Andrés;99;5
297821667;2013;0;0;0;0;0;0;0;0;0;0;NO; ; ; ; ;0;0;0;0;0;12166;0;0;0;12166;12166;54017;1;Barranquilla;22;San Andrés;99;5
452535;2013;0;0;0;0;0;0;0;0;0;0;NO; ; ; ; ;0;0;0;0;0;66904;0;0;0;66904;66904;336208;1;Barranquilla;22;San Andrés;99;5
297826875;2013;0;0;0;0;0;0;0;0;0;0;NO; ; ; ; ;0;0;0;0;0;26082;0;0;0;26082;26082;91058;1;Barranquilla;22;San Andrés;99;5
455784;2013;0;0;0;0;0;0;0;0;0;0;NO; ; ; ; ;0;0;0;0;0;38827;0;0;0;38827;38827;23672;1;Barranquilla;22;San Andrés;99;5
296914053;2013;0;0;0;0;0;0;0;0;0;0;NO; ; ; ; ;0;0;0;0;0;20377;0;0;0;20377;20377;69054;1;Barranquilla;22;San Andrés;99;5
297826666;2013;0;0;0;0;0;0;0;0;0;0;NO; ; ; ; ;0;0;0;0;0;10538;0;0;0;10538;10538;114184;1;Barranquilla;22;San Andrés;99;5
297826646;2013;0;800;4550;5400;10750;0;0;0;0;0;SI;a; ; ; ;1705;0;0;0;1705;7243;0;0;0;7243;8948;30654;1;Barranquilla;22;San Andrés;99;5
297826948;2013;0;500;100;0;600;0;0;0;0;0;SI;a; ; ; ;0;0;4417;0;4417;0;0;0;0;0;4417;0;1;Barranquilla;22;San Andrés;99;5
297826737;2013;0;0;600;0;600;0;0;0;0;0;NO; ; ; ; ;0;0;0;0;0;21455;0;0;0;21455;21455;40484;1;Barranquilla;22;San Andrés;99;5
299303281;2013;0;0;2328;0;2328;0;0;0;0;0;NO; ; ; ; ;0;0;0;0;0;9072;0;0;0;9072;9072;23385;1;Barranquilla;22;San Andrés;99;5
452123;2013;0;0;0;0;0;0;0;0;0;0;NO; ; ; ; ;0;0;0;0;0;54911;0;0;0;54911;54911;135331;1;Barranquilla;22;San Andrés;99;5
452124;2013;0;0;0;0;0;0;0;0;0;0;NO; ; ; ; ;0;0;0;0;0;7772;0;0;0;7772;7772;39051;1;Barranquilla;22;San Andrés;99;5
452125;2013;0;1500;600;0;2100;0;0;0;0;0;SI; ;b; ; ;13420;0;0;0;13420;0;0;0;0;0;13420;8428;2;Bogotá;91;Leticia;99;5
296913996;2013;0;0;0;0;0;0;0;0;0;0;NO; ; ; ; ;0;0;0;0;0;6710;0;0;0;6710;6710;25529;1;Barranquilla;22;San Andrés;99;5
297730349;2013;2000;0;3500;0;5500;0;0;0;0;0;NO; ; ; ; ;0;0;0;0;0;7488;0;0;0;7488;7488;29562;1;Barranquilla;22;San Andrés;99;5
297838041;2013;0;0;0;0;0;0;0;0;0;0;NO; ; ; ; ;0;0;0;0;0;1176;0;0;0;1176;1176;4643;1;Barranquilla;22;San Andrés;99;5
299303289;2013;0;0;0;0;0;0;0;0;0;0;NO; ; ; ; ;0;0;0;0;0;1529;0;0;0;1529;1529;3650;1;Barranquilla;22;San Andrés;99;5
9815645;2013;0;0;0;0;0;0;0;0;0;0;NO; ; ; ; ;0;0;0;0;0;0;0;400;0;400;400;0;1;Barranquilla;22;San Andrés;99;5
9815680;2013;0;0;0;0;0;0;0;0;0;0;NO; ; ; ; ;0;0;0;0;0;0;0;1300;0;1300;1300;0;1;Barranquilla;22;San Andrés;99;5
441678;2013;0;200;800;0;1000;150;0;0;0;150;SI; ;b; ; ;535;0;0;0;535;0;0;0;0;0;535;1500;1;Barranquilla;22;San Andrés;99;5
297819308;2013;0;0;0;0;0;0;0;0;0;0;NO; ; ; ; ;0;0;0;0;0;1034;0;0;0;1034;1034;2200;1;Barranquilla;22;San Andrés;99;5
297822447;2013;0;50;320;0;370;0;0;0;0;0;SI; ;b; ; ;0;0;75;0;75;0;0;672;0;672;747;0;1;Barranquilla;22;San Andrés;99;5
9816028;2013;0;0;0;0;0;0;0;0;0;0;NO; ; ; ; ;0;0;0;0;0;0;0;0;740;740;740;0;1;Barranquilla;22;San Andrés;99;5
9809870;2013;0;0;500;1500;2000;0;0;0;0;0;NO; ; ; ; ;0;0;0;0;0;1912;0;0;0;1912;1912;6472;1;Barranquilla;22;San Andrés;99;5
441826;2013;0;0;0;0;0;0;0;0;0;0;NO; ; ; ; ;0;0;0;0;0;22105;0;0;0;22105;22105;54157;1;Barranquilla;22;San Andrés;99;5
297818939;2013;0;0;0;0;0;0;0;0;0;0;NO; ; ; ; ;0;0;0;0;0;4019;0;0;0;4019;4019;2922;1;Barranquilla;22;San Andrés;99;5
297819945;2013;0;0;0;0;0;0;0;0;0;0;NO; ; ; ; ;0;0;0;0;0;233;0;0;0;233;233;2398;1;Barranquilla;22;San Andrés;99;5
74974;2013;4500;2500;5000;1000;13000;0;0;0;0;0;SI;a; ; ; ;0;0;3460;360;3820;0;0;0;0;0;3820;0;1;Barranquilla;22;San Andrés;99;5
110501;2013;1000;0;0;0;1000;0;0;0;0;0;NO; ; ; ; ;0;0;0;0;0;0;0;598;0;598;598;0;1;Barranquilla;22;San Andrés;99;5
297822317;2013;0;0;0;0;0;0;0;0;0;0;NO; ; ; ; ;0;0;0;0;0;0;0;1863;0;1863;1863;0;1;Barranquilla;22;San Andrés;99;5
444120;2013;0;0;0;0;0;0;0;0;0;0;NO; ; ; ; ;0;0;0;0;0;1260;0;0;0;1260;1260;5128;1;Barranquilla;22;San Andrés;99;5
287782;2013;0;0;0;0;0;0;0;0;0;0;NO; ; ; ; ;0;0;0;0;0;4904;0;0;0;4904;4904;20499;1;Barranquilla;22;San Andrés;99;5
297821876;2013;0;0;0;0;0;0;0;0;0;0;NO; ; ; ; ;0;0;0;0;0;1110;0;0;0;1110;1110;3553;1;Barranquilla;22;San Andrés;99;5
448118;2013;0;0;0;0;0;0;0;0;0;0;NO; ; ; ; ;0;0;0;0;0;2200;0;0;0;2200;2200;7448;1;Barranquilla;22;San Andrés;99;5
441851;2013;0;0;0;0;0;0;0;0;0;0;NO; ; ; ; ;0;0;0;0;0;0;0;150;0;150;150;0;1;Barranquilla;22;San Andrés;99;5
297818836;2013;0;0;0;0;0;0;0;0;0;0;NO; ; ; ; ;0;0;0;0;0;0;0;650;0;650;650;0;1;Barranquilla;22;San Andrés;99;5
297822109;2013;0;0;0;0;0;0;0;0;0;0;NO; ; ; ; ;0;0;0;0;0;0;0;2;0;2;2;0;1;Barranquilla;22;San Andrés;99;5
297823002;2013;0;0;0;0;0;0;0;0;0;0;NO; ; ; ; ;0;0;0;0;0;70;0;0;0;70;70;0;1;Barranquilla;22;San Andrés;99;5
297823811;2013;0;0;0;0;0;0;0;0;0;0;NO; ; ; ; ;0;0;0;0;0;449;0;0;0;449;449;1142;1;Barranquilla;22;San Andrés;99;5
451392;2013;0;0;0;0;0;0;0;0;0;0;NO; ; ; ; ;0;0;0;0;0;0;0;120;0;120;120;0;1;Barranquilla;22;San Andrés;99;5
297826444;2013;0;0;0;0;0;0;0;0;0;0;NO; ; ; ; ;0;0;0;0;0;0;0;3;0;3;3;0;1;Barranquilla;22;San Andrés;99;5
297818425;2013;0;0;0;0;0;0;0;0;0;0;NO; ; ; ; ;0;0;0;0;0;5200;0;0;0;5200;5200;10125;1;Barranquilla;23;Sincelejo;99;5
444146;2013;0;0;0;0;0;0;0;0;0;0;SI;a; ; ; ;612;0;0;0;612;2504;0;0;0;2504;3116;7904;1;Barranquilla;23;Sincelejo;99;5
297838035;2013;0;0;0;0;0;0;0;0;0;0;NO; ; ; ; ;0;0;0;0;0;12016;0;0;0;12016;12016;10105;1;Barranquilla;24;Valledupar;99;5
297718293;2013;5000;0;0;0;5000;0;0;0;0;0;SI;a; ; ; ;6076;0;0;0;6076;0;0;0;0;0;6076;5626;1;Barranquilla;24;Valledupar;99;5
297718291;2013;0;0;0;0;0;0;5460;0;0;5460;SI;a; ; ; ;1400;0;0;0;1400;1526;0;0;0;1526;2926;5460;1;Barranquilla;24;Valledupar;99;5
297718319;2013;5000;0;0;0;5000;0;0;0;0;0;SI; ;b; ; ;12840;0;0;0;12840;0;0;0;0;0;12840;9127;1;Barranquilla;24;Valledupar;99;5
451467;2013;0;0;0;0;0;642;0;0;0;642;NO; ; ; ; ;0;0;0;0;0;9745;0;0;0;9745;9745;14841;2;Bogotá;2;Bogotá;99;5
297839487;2013;0;0;0;0;0;1649;0;0;0;1649;NO; ; ; ; ;0;0;0;0;0;20136;0;0;0;20136;20136;95546;1;Barranquilla;9;Cartagena;99;5
